Product title,Product variant title,Week,Ending inventory units,Inventory units sold
"Finley Romper in Dusty Rose","Dusty Rose / 3-6 Months","2026-05-25","99","0"
"Finley Romper in Black","Black / 6-9 Months","2026-05-25","3","0"
"Robes in Plum","Mia Robe / Short","2026-05-25","8","2"
"Lila Labor & Postpartum Gown in Dusty Rose","Dusty Rose / Slim Petite","2026-05-25","56","5"
"Finley Romper in Plum","Plum / Newborn","2026-05-25","66","2"
"Robes in Dusty Rose","Laura Robe / Long","2026-05-25","25","9"
"Amelia Labor & Postpartum Gown in Deep Teal","Deep Teal / Curve","2026-05-25","29","3"
"Baby Swaddle Set: Midnight Blue","Hat & Bow","2026-05-25","35","8"
"Robes in Periwinkle","Mia Robe / Short","2026-05-25","27","0"
"Robes in Plum","Laura Robe / Long","2026-05-25","14","3"
"Lila Labor & Postpartum Gown in Lilac","Lilac / Standard","2026-05-25","172","13"
"Lila Labor & Postpartum Gown in Midnight Blue","Midnight Blue / Full Figure","2026-05-25","98","19"
"Amelia Labor & Postpartum Gown in Emerald","Emerald / Full Figure","2026-05-25","85","0"
"TENS Unit for Labor","Default Title","2026-05-25","451","135"
"The Cameron Unisex Nursing and Skin to Skin Shirt in Deep Teal","Extra Large","2026-05-25","59","3"
"Baby Swaddle Set: Plum","Hat & Bow","2026-05-25","-3","0"
"Amelia Labor & Postpartum Gown in Black","Black / Slim Petite","2026-05-25","63","3"
"Finley Romper in Dusty Rose","Dusty Rose / 9-12 Months","2026-05-25","26","0"
"The Cameron Unisex Nursing and Skin to Skin Shirt in Sage","2XL","2026-05-25","64","2"
"Robes in Emerald","Laura Robe / Long","2026-05-25","0","3"
"Finley Romper in Midnight Blue","Midnight Blue / Newborn","2026-05-25","-3","0"
"Finley Romper in Black","Black / Newborn","2026-05-25","87","4"
"Lila Labor & Postpartum Gown in Black","Black / Standard","2026-05-25","172","69"
"Amelia Labor & Postpartum Gown in Emerald","Emerald / Petite","2026-05-25","66","0"
"Finley Romper in Midnight Blue","Midnight Blue / 16-24 Months","2026-05-25","25","0"
"Amelia Labor & Postpartum Gown in Vintage Floral","Vintage Floral / Standard","2026-05-25","59","3"
"Robes in Sage","Laura Robe / Long","2026-05-25","40","3"
"Finley Romper in Periwinkle","Periwinkle / 9-12 Months","2026-05-25","20","0"
"Finley Romper in Vintage Floral","Vintage Floral / 12-18 Months","2026-05-25","11","0"
"Finley Romper in Emerald","Emerald / 6-9 Months","2026-05-25","18","0"
"Robes in Lilac","Mia Robe / Short","2026-05-25","41","0"
"Amelia Labor & Postpartum Gown in Periwinkle","Periwinkle / Standard","2026-05-25","1","3"
"Baby Swaddle Set: Lilac","Hat & Bow","2026-05-25","144","0"
"Amelia Labor & Postpartum Gown in Dusty Rose","Dusty Rose / Slim Petite","2026-05-25","46","1"
"Lila Labor & Postpartum Gown in Mocha","Mocha / Full Figure","2026-05-25","0","0"
"Robes in Black","Laura Robe / Long","2026-05-25","43","6"
"Lila Labor & Postpartum Gown in Black","Black / Full Figure","2026-05-25","358","22"
"Baby Swaddle Set: Emerald","Hat & Bow","2026-05-25","-2","2"
"The Cameron Unisex Nursing and Skin to Skin Shirt in Plum","Small","2026-05-25","36","1"
"Lila Labor & Postpartum Gown in Vintage Floral","Vintage Floral / Curve","2026-05-25","-1","0"
"The Cameron Unisex Nursing and Skin to Skin Shirt in Emerald","Medium","2026-05-25","45","0"
"The Cameron Unisex Nursing and Skin to Skin Shirt in Emerald","2XL","2026-05-25","43","0"
"Lila Labor & Postpartum Gown in Plum","Plum / Standard","2026-05-25","76","35"
"Finley Romper in Periwinkle","Periwinkle / 12-18 Months","2026-05-25","19","0"
"Robes in Midnight Blue","Mia Robe / Short","2026-05-25","75","0"
"Lila Labor & Postpartum Gown in Midnight Blue","Midnight Blue / Standard","2026-05-25","-29","0"
"Finley Romper in Deep Teal","Deep Teal / 9-12 Months","2026-05-25","64","0"
"Amelia Labor & Postpartum Gown in Plum","Plum / Standard","2026-05-25","42","11"
"Finley Romper in Emerald","Emerald / 18-24 Months","2026-05-25","3","0"
"Finley Romper in Sage","Sage / Newborn","2026-05-25","0","1"
"The Cameron Unisex Nursing and Skin to Skin Shirt in Midnight Blue","Small","2026-05-25","58","0"
"Amelia Labor & Postpartum Gown in Charcoal Grey","Charcoal Grey / Petite","2026-05-25","41","0"
"Finley Romper in Vintage Floral","Vintage Floral / 3-6 Months","2026-05-25","11","0"
"Finley Romper in Deep Teal","Deep Teal / 3-6 Months","2026-05-25","0","0"
"Lila Labor & Postpartum Gown in Charcoal Grey","Charcoal Grey / Petite","2026-05-25","2","0"
"Amelia Labor & Postpartum Gown in Periwinkle","Periwinkle / Curve","2026-05-25","15","1"
"Robes in Deep Teal","Mia Robe / Short","2026-05-25","30","3"
"The Cameron Unisex Nursing and Skin to Skin Shirt in Sage","Large","2026-05-25","65","3"
"Amelia Labor & Postpartum Gown Lilac","Full Figure","2026-05-25","10","0"
"Lila Labor & Postpartum Gown in Periwinkle Blue","Periwinkle / Full Figure","2026-05-25","52","6"
"Lila Labor & Postpartum Gown in Lilac","Lilac / Slim Petite","2026-05-25","9","7"
"Amelia Labor & Postpartum Gown in Vintage Floral","Vintage Floral / Full Figure","2026-05-25","30","9"
"Baby Swaddle Set: Vintage Floral","Hat & Bow","2026-05-25","10","29"
"Lila Labor & Postpartum Gown in Midnight Blue","Midnight Blue / Slim Petite","2026-05-25","38","19"
"Lila Labor & Postpartum Gown in Vintage Floral","Vintage Floral / Standard","2026-05-25","98","49"
"Lila Labor & Postpartum Gown in Plum","Plum / Full Figure","2026-05-25","54","11"
"Lila Labor & Postpartum Gown in Black","Black / Slim Petite","2026-05-25","238","23"
"Robes in Sage","Mia Robe / Short","2026-05-25","58","2"
"Lila Labor & Postpartum Gown in Periwinkle Blue","Periwinkle / Curve","2026-05-25","74","5"
"Lila Labor & Postpartum Gown in Deep Teal","Deep Teal / Standard","2026-05-25","235","25"
"Finley Romper in Deep Teal","Deep Teal / 16-24 Months","2026-05-25","63","0"
"Lila Labor & Postpartum Gown in Lilac","Lilac / Curve","2026-05-25","36","3"
"Robes in Periwinkle","Laura Robe / Long","2026-05-25","75","2"
"The Cameron Unisex Nursing and Skin to Skin Shirt in Midnight Blue","Extra Large","2026-05-25","0","0"
"The Cameron Unisex Nursing and Skin to Skin Shirt in Deep Teal","2XL","2026-05-25","45","0"
"Amelia Labor & Postpartum Gown in Deep Teal","Deep Teal / Standard","2026-05-25","7","11"
"Lila Labor & Postpartum Gown in Mocha","Mocha / Standard","2026-05-25","4","0"
"Lila Labor & Postpartum Gown in Periwinkle Blue","Periwinkle / Slim Petite","2026-05-25","6","19"
"Amelia Labor & Postpartum Gown in Midnight Blue","Midnight Blue / Full Figure","2026-05-25","9","1"
"Lila Labor & Postpartum Gown in Dusty Rose","Dusty Rose / Full Figure","2026-05-25","92","12"
"The Cameron Unisex Nursing and Skin to Skin Shirt in Sage","Small","2026-05-25","42","0"
"Amelia Labor & Postpartum Gown in Emerald","Emerald / Curve","2026-05-25","55","0"
"Amelia Labor & Postpartum Gown in Black","Black / Curve","2026-05-25","70","2"
"Lila Labor & Postpartum Gown in Lilac","Lilac / Full Figure","2026-05-25","10","3"
"Robes in Dusty Rose","Mia Robe / Short","2026-05-25","37","5"
"Amelia Labor & Postpartum Gown in Charcoal Grey","Charcoal Grey / Full Figure","2026-05-25","6","1"
"Finley Romper in Vintage Floral","Vintage Floral / 18-24 Months","2026-05-25","15","0"
"Lila Labor & Postpartum Gown in Plum","Plum / Curve","2026-05-25","42","2"
"Lila Labor & Postpartum Gown in Black","Black / Curve","2026-05-25","165","21"
"Finley Romper in Dusty Rose","Dusty Rose / 6-9 Months","2026-05-25","31","0"
"Amelia Labor & Postpartum Gown in Plum","Plum / Full Figure","2026-05-25","55","4"
"The Cameron Unisex Nursing and Skin to Skin Shirt in Deep Teal","Large","2026-05-25","56","3"
"Finley Romper in Emerald","Emerald / 9-12 Months","2026-05-25","82","0"
"The Cameron Unisex Nursing and Skin to Skin Shirt in Black","Extra Large","2026-05-25","65","6"
"Amelia Labor & Postpartum Gown in Emerald","Emerald / Standard","2026-05-25","85","0"
"Robes in Midnight Blue","Laura Robe / Long","2026-05-25","57","2"
"Lila Labor & Postpartum Gown in Emerald","Emerald / Standard","2026-05-25","-1","11"
"Baby Swaddle Set: Sage","Hat & Bow","2026-05-25","-6","0"
"Amelia Labor & Postpartum Gown in Deep Teal","Deep Teal / Slim Petite","2026-05-25","50","0"
"Robes in Black","Mia Robe / Short","2026-05-25","-1","0"
"Lila Labor & Postpartum Gown in Periwinkle Blue","Periwinkle / Standard","2026-05-25","102","42"
"Amelia Labor & Postpartum Gown in Dusty Rose","Dusty Rose / Full Figure","2026-05-25","16","5"
"Finley Romper in Periwinkle","Periwinkle / 6-9 Months","2026-05-25","44","0"
"The Cameron Unisex Nursing and Skin to Skin Shirt in Black","Small","2026-05-25","18","1"
"Finley Romper in Sage","Sage / 6-9 Months","2026-05-25","15","0"
"The Cameron Unisex Nursing and Skin to Skin Shirt in Black","2XL","2026-05-25","29","2"
"Lila Labor & Postpartum Gown in Charcoal Grey","Charcoal Grey / Full Figure","2026-05-25","8","1"
"Amelia Labor & Postpartum Gown in Sage","Sage / Petite","2026-05-25","41","0"
"Robes in Lilac","Laura Robe / Long","2026-05-25","44","3"
"Lila Labor & Postpartum Gown in Sage","Sage / Full Figure","2026-05-25","14","7"
"Robes in Emerald","Mia Robe / Short","2026-05-25","68","1"
"Finley Romper in Lilac","Lilac / 6-9 Months","2026-05-25","18","0"
"Amelia Labor & Postpartum Gown in Plum","Plum / Curve","2026-05-25","45","1"
"Amelia Labor & Postpartum Gown in Charcoal Grey","Charcoal Grey / Standard","2026-05-25","0","0"
"Amelia Labor & Postpartum Gown in Deep Teal","Deep Teal / Full Figure","2026-05-25","93","1"
"The Cameron Unisex Nursing and Skin to Skin Shirt in Plum","2XL","2026-05-25","45","0"
"Amelia Labor & Postpartum Gown Lilac","Curve","2026-05-25","21","0"
"Lila Labor & Postpartum Gown in Dusty Rose","Dusty Rose / Standard","2026-05-25","48","39"
"Lila Labor & Postpartum Gown in Emerald","Emerald / Full Figure","2026-05-25","67","5"
"Lila Labor & Postpartum Gown in Deep Teal","Deep Teal / Slim Petite","2026-05-25","158","6"
"The Cameron Unisex Nursing and Skin to Skin Shirt in Deep Teal","Small","2026-05-25","58","1"
"Lila Labor & Postpartum Gown in Sage","Sage / Slim Petite","2026-05-25","-11","0"
"Baby Swaddle Set: Periwinkle","Hat & Bow","2026-05-25","-4","0"
"Amelia Labor & Postpartum Gown in Plum","Plum / Slim Petite","2026-05-25","52","1"
"Lila Labor & Postpartum Gown in Charcoal Grey","Charcoal Grey / Standard","2026-05-25","1","0"
"Finley Romper in Midnight Blue","Midnight Blue / 9-12 Months","2026-05-25","31","0"
"The Cameron Unisex Nursing and Skin to Skin Shirt in Sage","Medium","2026-05-25","48","0"
"Lila Labor & Postpartum Gown in Sage","Sage / Standard","2026-05-25","3","27"
"Amelia Labor & Postpartum Gown in Sage","Sage / Curve","2026-05-25","24","1"
"Amelia Labor & Postpartum Gown in Periwinkle","Periwinkle / Full Figure","2026-05-25","38","2"
"Finley Romper in Black","Black / 18-24 Months","2026-05-25","83","0"
"The Cameron Unisex Nursing and Skin to Skin Shirt in Midnight Blue","Large","2026-05-25","6","2"
"Baby Swaddle Set: Black","Hat & Bow","2026-05-25","117","3"
"Finley Romper in Sage","Sage / 3-6 Months","2026-05-25","6","1"
"Finley Romper in Emerald","Emerald / Newborn","2026-05-25","-5","0"
"Finley Romper in Black","Black / 12-18 Months","2026-05-25","40","0"
"Amelia Labor & Postpartum Gown in Sage","Sage / Standard","2026-05-25","89","2"
"Amelia Labor & Postpartum Gown in Sage","Sage / Full Figure","2026-05-25","42","0"
"The Cameron Unisex Nursing and Skin to Skin Shirt in Black","Large","2026-05-25","20","4"
"Finley Romper in Periwinkle","Periwinkle / 3-6 Months","2026-05-25","28","0"
"Robes in Vintage Floral","Mia Robe / Short","2026-05-25","-2","1"
"Baby Swaddle Set: Deep Teal","Hat & Bow","2026-05-25","32","13"
"The Cameron Unisex Nursing and Skin to Skin Shirt in Midnight Blue","Medium","2026-05-25","40","0"
"The Cameron Unisex Nursing and Skin to Skin Shirt in Black","Medium","2026-05-25","44","1"
"Lila Labor & Postpartum Gown in Mocha","Mocha / Slim Petite","2026-05-25","1","0"
"Lila Labor & Postpartum Gown in Plum","Plum / Slim Petite","2026-05-25","44","6"
"Finley Romper in Lilac","Lilac / 3-6 Months","2026-05-25","31","0"
"Lila Labor & Postpartum Gown in Midnight Blue","Midnight Blue / Curve","2026-05-25","28","6"
"Amelia Labor & Postpartum Gown in Midnight Blue","Midnight Blue / Slim Petite","2026-05-25","72","1"
"Lila Labor & Postpartum Gown in Charcoal Grey","Charcoal Grey / Curve","2026-05-25","35","2"
"Baby Swaddle Set: Dusty Rose","Hat & Bow","2026-05-25","-1","0"
"The Cameron Unisex Nursing and Skin to Skin Shirt in Plum","Large","2026-05-25","59","1"
"Finley Romper in Deep Teal","Deep Teal / 6-9 Months","2026-05-25","18","0"
"The Cameron Unisex Nursing and Skin to Skin Shirt in Midnight Blue","2XL","2026-05-25","4","2"
"Amelia Labor & Postpartum Gown Lilac","Standard","2026-05-25","10","0"
"The Cameron Unisex Nursing and Skin to Skin Shirt in Emerald","Large","2026-05-25","26","1"
"Lila Labor & Postpartum Gown in Emerald","Emerald / Slim Petite","2026-05-25","19","2"
"Robes in Deep Teal","Laura Robe / Long","2026-05-25","33","6"
"The Cameron Unisex Nursing and Skin to Skin Shirt in Emerald","Extra Large","2026-05-25","43","1"
"Amelia Labor & Postpartum Gown in Periwinkle","Periwinkle / Slim Petite","2026-05-25","7","0"
"Lila Labor & Postpartum Gown in Sage","Sage / Curve","2026-05-25","77","2"
"The Cameron Unisex Nursing and Skin to Skin Shirt in Sage","Extra Large","2026-05-25","58","3"
"Lila Labor & Postpartum Gown in Deep Teal","Deep Teal / Full Figure","2026-05-25","89","11"
"Finley Romper in Midnight Blue","Midnight Blue / 6-9 Months","2026-05-25","22","0"
"Amelia Labor & Postpartum Gown in Midnight Blue","Midnight Blue / Standard","2026-05-25","31","6"
"Amelia Labor & Postpartum Gown in Charcoal Grey","Charcoal Grey / Curve","2026-05-25","18","0"
"Finley Romper in Lilac","Lilac / Newborn","2026-05-25","17","0"
"Lila Labor & Postpartum Gown in Mocha","Mocha / Curve","2026-05-25","1","0"
"Lila Labor & Postpartum Gown in Sage","Sage / Petite","2026-05-25","0","0"
"Lila Labor & Postpartum Gown in Emerald","Emerald / Curve","2026-05-25","41","1"
"Finley Romper in Midnight Blue","Midnight Blue / 3-6 Months","2026-05-25","-2","0"
"Amelia Labor & Postpartum Gown in Black","Black / Standard","2026-05-25","54","5"
"Finley Romper in Periwinkle","Periwinkle / Newborn","2026-05-25","-1","0"
"Finley Romper in Plum","Plum / 3-6 Months","2026-05-25","-1","0"
"Amelia Labor & Postpartum Gown in Dusty Rose","Dusty Rose / Standard","2026-05-25","3","12"
"Finley Romper in Vintage Floral","Vintage Floral / Newborn","2026-05-25","109","4"
"Finley Romper in Vintage Floral","Vintage Floral / 6-9 Months","2026-05-25","6","0"
"Lila Labor & Postpartum Gown in Deep Teal","Deep Teal / Curve","2026-05-25","94","2"
"Lila Labor & Postpartum Gown in Vintage Floral","Vintage Floral / Slim Petite","2026-05-25","0","0"
"Amelia Labor & Postpartum Gown Lilac","Slim Petite","2026-05-25","47","0"
"The Cameron Unisex Nursing and Skin to Skin Shirt in Plum","Extra Large","2026-05-25","46","2"
"Amelia Labor & Postpartum Gown in Vintage Floral","Vintage Floral / Petite","2026-05-25","2","0"
"Amelia Labor & Postpartum Gown in Vintage Floral","Vintage Floral / Curve","2026-05-25","0","1"
"Finley Romper in Emerald","Emerald / 3-6 Months","2026-05-25","69","2"
"The Cameron Unisex Nursing and Skin to Skin Shirt in Plum","Medium","2026-05-25","40","0"
"Finley Romper in Black","Black / 3-6 Months","2026-05-25","58","0"
"The Cameron Unisex Nursing and Skin to Skin Shirt in Deep Teal","Medium","2026-05-25","25","2"
"Amelia Labor & Postpartum Gown in Dusty Rose","Dusty Rose / Curve","2026-05-25","20","3"
"Finley Romper in Periwinkle","Periwinkle / 18-24 Months","2026-05-25","19","0"
"Finley Romper in Black","Black / 9-12 Months","2026-05-25","60","0"
"Finley Romper in Vintage Floral","Vintage Floral / 9-12 Months","2026-05-25","5","0"
"Amelia Labor & Postpartum Gown in Black","Black / Full Figure","2026-05-25","57","2"
"Finley Romper in Deep Teal","Deep Teal / Newborn","2026-05-25","122","2"
"Finley Romper in Dusty Rose","Dusty Rose / Newborn","2026-05-25","26","1"
"Finley Romper in Deep Teal","Deep Teal / 12-16 Months","2026-05-25","64","0"
"Amelia Labor & Postpartum Gown in Midnight Blue","Midnight Blue / Curve","2026-05-25","64","1"
"Finley Romper in Midnight Blue","Midnight Blue / 12-16 Months","2026-05-25","20","0"
"The Cameron Unisex Nursing and Skin to Skin Shirt in Emerald","Small","2026-05-25","38","0"
"Lila Labor & Postpartum Gown in Dusty Rose","Dusty Rose / Curve","2026-05-25","30","5"
"Lila Labor & Postpartum Gown in Vintage Floral","Vintage Floral / Full Figure","2026-05-25","0","0"
"Robes in Vintage Floral","Laura Robe / Long","2026-05-25","-1","0"
"Finley Romper in Plum","Plum / 6-9 Months","2026-05-25","112","0"
"The Cameron Unisex Nursing and Skin to Skin Shirt in Midnight Blue","Large","2026-06-01","3","3"
"Amelia Labor & Postpartum Gown in Vintage Floral","Vintage Floral / Curve","2026-06-01","0","0"
"Finley Romper in Emerald","Emerald / 3-6 Months","2026-06-01","68","1"
"The Cameron Unisex Nursing and Skin to Skin Shirt in Plum","Medium","2026-06-01","40","0"
"Amelia Labor & Postpartum Gown in Emerald","Emerald / Standard","2026-06-01","85","0"
"Amelia Labor & Postpartum Gown Lilac","Standard","2026-06-01","6","4"
"The Cameron Unisex Nursing and Skin to Skin Shirt in Midnight Blue","2XL","2026-06-01","0","4"
"Finley Romper in Sage","Sage / 3-6 Months","2026-06-01","6","0"
"Robes in Periwinkle","Laura Robe / Long","2026-06-01","74","1"
"The Cameron Unisex Nursing and Skin to Skin Shirt in Midnight Blue","Extra Large","2026-06-01","0","0"
"Lila Labor & Postpartum Gown in Sage","Sage / Standard","2026-06-01","181","13"
"Robes in Black","Laura Robe / Long","2026-06-01","40","4"
"The Cameron Unisex Nursing and Skin to Skin Shirt in Black","2XL","2026-06-01","26","3"
"Amelia Labor & Postpartum Gown in Midnight Blue","Midnight Blue / Full Figure","2026-06-01","8","2"
"Finley Romper in Periwinkle","Periwinkle / 12-18 Months","2026-06-01","19","0"
"Lila Labor & Postpartum Gown in Mocha","Mocha / Standard","2026-06-01","4","0"
"The Cameron Unisex Nursing and Skin to Skin Shirt in Emerald","Medium","2026-06-01","45","0"
"Amelia Labor & Postpartum Gown in Charcoal Grey","Charcoal Grey / Full Figure","2026-06-01","6","0"
"Amelia Labor & Postpartum Gown in Plum","Plum / Curve","2026-06-01","44","1"
"Amelia Labor & Postpartum Gown in Charcoal Grey","Charcoal Grey / Standard","2026-06-01","0","0"
"Amelia Labor & Postpartum Gown in Deep Teal","Deep Teal / Full Figure","2026-06-01","92","1"
"Amelia Labor & Postpartum Gown in Midnight Blue","Midnight Blue / Curve","2026-06-01","62","2"
"Lila Labor & Postpartum Gown in Mocha","Mocha / Full Figure","2026-06-01","0","0"
"Finley Romper in Periwinkle","Periwinkle / 6-9 Months","2026-06-01","44","0"
"The Cameron Unisex Nursing and Skin to Skin Shirt in Midnight Blue","Small","2026-06-01","58","0"
"Amelia Labor & Postpartum Gown in Sage","Sage / Standard","2026-06-01","89","1"
"Amelia Labor & Postpartum Gown in Sage","Sage / Full Figure","2026-06-01","42","0"
"The Cameron Unisex Nursing and Skin to Skin Shirt in Black","Large","2026-06-01","19","1"
"Finley Romper in Plum","Plum / 3-6 Months","2026-06-01","-1","0"
"Amelia Labor & Postpartum Gown in Dusty Rose","Dusty Rose / Standard","2026-06-01","-3","7"
"Finley Romper in Deep Teal","Deep Teal / 16-24 Months","2026-06-01","63","0"
"Lila Labor & Postpartum Gown in Emerald","Emerald / Standard","2026-06-01","111","8"
"Lila Labor & Postpartum Gown in Dusty Rose","Dusty Rose / Full Figure","2026-06-01","81","11"
"Robes in Emerald","Mia Robe / Short","2026-06-01","65","3"
"Finley Romper in Lilac","Lilac / 6-9 Months","2026-06-01","18","0"
"Robes in Plum","Laura Robe / Long","2026-06-01","7","7"
"Finley Romper in Emerald","Emerald / 18-24 Months","2026-06-01","3","0"
"Amelia Labor & Postpartum Gown in Black","Black / Standard","2026-06-01","51","4"
"Amelia Labor & Postpartum Gown in Midnight Blue","Midnight Blue / Slim Petite","2026-06-01","70","3"
"Baby Swaddle Set: Dusty Rose","Hat & Bow","2026-06-01","-1","0"
"Amelia Labor & Postpartum Gown in Emerald","Emerald / Full Figure","2026-06-01","85","0"
"TENS Unit for Labor","Default Title","2026-06-01","1956","144"
"The Cameron Unisex Nursing and Skin to Skin Shirt in Emerald","Extra Large","2026-06-01","43","0"
"Finley Romper in Periwinkle","Periwinkle / 3-6 Months","2026-06-01","28","0"
"Robes in Vintage Floral","Mia Robe / Short","2026-06-01","-2","0"
"Robes in Sage","Mia Robe / Short","2026-06-01","57","1"
"Lila Labor & Postpartum Gown in Periwinkle Blue","Periwinkle / Curve","2026-06-01","72","2"
"Lila Labor & Postpartum Gown in Deep Teal","Deep Teal / Standard","2026-06-01","387","34"
"Lila Labor & Postpartum Gown in Charcoal Grey","Charcoal Grey / Full Figure","2026-06-01","0","8"
"The Cameron Unisex Nursing and Skin to Skin Shirt in Plum","Extra Large","2026-06-01","46","0"
"Amelia Labor & Postpartum Gown in Vintage Floral","Vintage Floral / Standard","2026-06-01","55","5"
"Amelia Labor & Postpartum Gown in Vintage Floral","Vintage Floral / Petite","2026-06-01","3","0"
"Lila Labor & Postpartum Gown in Black","Black / Curve","2026-06-01","154","12"
"Lila Labor & Postpartum Gown in Plum","Plum / Curve","2026-06-01","37","5"
"Finley Romper in Vintage Floral","Vintage Floral / 6-9 Months","2026-06-01","6","0"
"Lila Labor & Postpartum Gown in Deep Teal","Deep Teal / Curve","2026-06-01","87","7"
"Amelia Labor & Postpartum Gown in Periwinkle","Periwinkle / Curve","2026-06-01","13","2"
"Finley Romper in Vintage Floral","Vintage Floral / 3-6 Months","2026-06-01","11","0"
"Finley Romper in Deep Teal","Deep Teal / 3-6 Months","2026-06-01","0","0"
"Finley Romper in Vintage Floral","Vintage Floral / Newborn","2026-06-01","21","4"
"Finley Romper in Sage","Sage / Newborn","2026-06-01","0","0"
"Finley Romper in Midnight Blue","Midnight Blue / 9-12 Months","2026-06-01","31","0"
"The Cameron Unisex Nursing and Skin to Skin Shirt in Sage","Medium","2026-06-01","44","4"
"Finley Romper in Black","Black / 9-12 Months","2026-06-01","60","0"
"Amelia Labor & Postpartum Gown in Plum","Plum / Standard","2026-06-01","26","16"
"Finley Romper in Dusty Rose","Dusty Rose / 9-12 Months","2026-06-01","25","0"
"Finley Romper in Lilac","Lilac / 3-6 Months","2026-06-01","31","0"
"Baby Swaddle Set: Midnight Blue","Hat & Bow","2026-06-01","23","13"
"The Cameron Unisex Nursing and Skin to Skin Shirt in Deep Teal","Large","2026-06-01","56","0"
"Baby Swaddle Set: Sage","Hat & Bow","2026-06-01","-6","0"
"Lila Labor & Postpartum Gown in Dusty Rose","Dusty Rose / Standard","2026-06-01","31","61"
"Lila Labor & Postpartum Gown in Lilac","Lilac / Standard","2026-06-01","161","11"
"Lila Labor & Postpartum Gown in Midnight Blue","Midnight Blue / Full Figure","2026-06-01","79","22"
"Baby Swaddle Set: Lilac","Hat & Bow","2026-06-01","144","0"
"Finley Romper in Midnight Blue","Midnight Blue / 12-16 Months","2026-06-01","20","0"
"Finley Romper in Emerald","Emerald / 9-12 Months","2026-06-01","82","0"
"Finley Romper in Black","Black / Newborn","2026-06-01","83","4"
"The Cameron Unisex Nursing and Skin to Skin Shirt in Deep Teal","Extra Large","2026-06-01","59","0"
"Lila Labor & Postpartum Gown in Periwinkle Blue","Periwinkle / Full Figure","2026-06-01","44","8"
"Amelia Labor & Postpartum Gown in Emerald","Emerald / Petite","2026-06-01","66","0"
"Robes in Deep Teal","Mia Robe / Short","2026-06-01","28","2"
"Lila Labor & Postpartum Gown in Dusty Rose","Dusty Rose / Slim Petite","2026-06-01","46","12"
"The Cameron Unisex Nursing and Skin to Skin Shirt in Emerald","Small","2026-06-01","38","0"
"Amelia Labor & Postpartum Gown in Deep Teal","Deep Teal / Curve","2026-06-01","28","1"
"The Cameron Unisex Nursing and Skin to Skin Shirt in Plum","2XL","2026-06-01","44","1"
"Amelia Labor & Postpartum Gown in Sage","Sage / Curve","2026-06-01","24","0"
"Amelia Labor & Postpartum Gown in Periwinkle","Periwinkle / Full Figure","2026-06-01","38","0"
"Amelia Labor & Postpartum Gown in Black","Black / Curve","2026-06-01","62","8"
"Lila Labor & Postpartum Gown in Lilac","Lilac / Full Figure","2026-06-01","4","6"
"Finley Romper in Plum","Plum / 6-9 Months","2026-06-01","112","0"
"Amelia Labor & Postpartum Gown in Periwinkle","Periwinkle / Standard","2026-06-01","0","2"
"Finley Romper in Emerald","Emerald / 6-9 Months","2026-06-01","18","0"
"Robes in Lilac","Mia Robe / Short","2026-06-01","41","0"
"The Cameron Unisex Nursing and Skin to Skin Shirt in Plum","Small","2026-06-01","36","0"
"Baby Swaddle Set: Emerald","Hat & Bow","2026-06-01","-3","4"
"Amelia Labor & Postpartum Gown in Deep Teal","Deep Teal / Standard","2026-06-01","3","5"
"Lila Labor & Postpartum Gown in Emerald","Emerald / Slim Petite","2026-06-01","17","3"
"Robes in Dusty Rose","Mia Robe / Short","2026-06-01","34","3"
"Finley Romper in Black","Black / 6-9 Months","2026-06-01","3","0"
"Finley Romper in Dusty Rose","Dusty Rose / 3-6 Months","2026-06-01","99","0"
"Lila Labor & Postpartum Gown in Vintage Floral","Vintage Floral / Curve","2026-06-01","-1","0"
"The Cameron Unisex Nursing and Skin to Skin Shirt in Midnight Blue","Medium","2026-06-01","36","4"
"The Cameron Unisex Nursing and Skin to Skin Shirt in Deep Teal","Small","2026-06-01","58","0"
"Lila Labor & Postpartum Gown in Mocha","Mocha / Curve","2026-06-01","1","0"
"Lila Labor & Postpartum Gown in Dusty Rose","Dusty Rose / Curve","2026-06-01","27","3"
"Lila Labor & Postpartum Gown in Vintage Floral","Vintage Floral / Full Figure","2026-06-01","0","1"
"Robes in Vintage Floral","Laura Robe / Long","2026-06-01","-1","0"
"Robes in Deep Teal","Laura Robe / Long","2026-06-01","28","5"
"Finley Romper in Lilac","Lilac / Newborn","2026-06-01","17","0"
"Amelia Labor & Postpartum Gown in Charcoal Grey","Charcoal Grey / Petite","2026-06-01","41","0"
"The Cameron Unisex Nursing and Skin to Skin Shirt in Black","Small","2026-06-01","18","0"
"Finley Romper in Vintage Floral","Vintage Floral / 9-12 Months","2026-06-01","5","0"
"Finley Romper in Vintage Floral","Vintage Floral / 18-24 Months","2026-06-01","15","0"
"The Cameron Unisex Nursing and Skin to Skin Shirt in Deep Teal","Medium","2026-06-01","24","1"
"Amelia Labor & Postpartum Gown in Dusty Rose","Dusty Rose / Curve","2026-06-01","17","3"
"Amelia Labor & Postpartum Gown in Dusty Rose","Dusty Rose / Slim Petite","2026-06-01","37","9"
"The Cameron Unisex Nursing and Skin to Skin Shirt in Sage","2XL","2026-06-01","63","1"
"Robes in Emerald","Laura Robe / Long","2026-06-01","1","0"
"Amelia Labor & Postpartum Gown in Plum","Plum / Full Figure","2026-06-01","52","3"
"Lila Labor & Postpartum Gown in Periwinkle Blue","Periwinkle / Slim Petite","2026-06-01","-3","10"
"Lila Labor & Postpartum Gown in Mocha","Mocha / Slim Petite","2026-06-01","1","0"
"Amelia Labor & Postpartum Gown in Black","Black / Full Figure","2026-06-01","54","3"
"Lila Labor & Postpartum Gown in Charcoal Grey","Charcoal Grey / Petite","2026-06-01","2","0"
"Lila Labor & Postpartum Gown in Plum","Plum / Slim Petite","2026-06-01","38","6"
"Finley Romper in Emerald","Emerald / Newborn","2026-06-01","-5","0"
"Finley Romper in Plum","Plum / Newborn","2026-06-01","63","3"
"Lila Labor & Postpartum Gown in Plum","Plum / Full Figure","2026-06-01","32","22"
"Lila Labor & Postpartum Gown in Black","Black / Slim Petite","2026-06-01","388","20"
"Finley Romper in Black","Black / 3-6 Months","2026-06-01","58","0"
"Lila Labor & Postpartum Gown in Midnight Blue","Midnight Blue / Slim Petite","2026-06-01","19","19"
"Lila Labor & Postpartum Gown in Plum","Plum / Standard","2026-06-01","39","38"
"Robes in Periwinkle","Mia Robe / Short","2026-06-01","25","2"
"Lila Labor & Postpartum Gown in Vintage Floral","Vintage Floral / Slim Petite","2026-06-01","0","0"
"Amelia Labor & Postpartum Gown Lilac","Slim Petite","2026-06-01","46","1"
"Robes in Plum","Mia Robe / Short","2026-06-01","6","2"
"Robes in Dusty Rose","Laura Robe / Long","2026-06-01","20","5"
"The Cameron Unisex Nursing and Skin to Skin Shirt in Sage","Large","2026-06-01","59","6"
"Amelia Labor & Postpartum Gown Lilac","Full Figure","2026-06-01","9","1"
"Lila Labor & Postpartum Gown in Midnight Blue","Midnight Blue / Curve","2026-06-01","20","10"
"Lila Labor & Postpartum Gown in Charcoal Grey","Charcoal Grey / Curve","2026-06-01","32","3"
"Amelia Labor & Postpartum Gown in Plum","Plum / Slim Petite","2026-06-01","49","3"
"Baby Swaddle Set: Black","Hat & Bow","2026-06-01","112","5"
"Robes in Midnight Blue","Mia Robe / Short","2026-06-01","75","0"
"Lila Labor & Postpartum Gown in Midnight Blue","Midnight Blue / Standard","2026-06-01","-28","2"
"Finley Romper in Deep Teal","Deep Teal / 9-12 Months","2026-06-01","64","0"
"Amelia Labor & Postpartum Gown in Vintage Floral","Vintage Floral / Full Figure","2026-06-01","30","2"
"Finley Romper in Midnight Blue","Midnight Blue / 3-6 Months","2026-06-01","-2","0"
"Lila Labor & Postpartum Gown in Emerald","Emerald / Curve","2026-06-01","41","0"
"Lila Labor & Postpartum Gown in Emerald","Emerald / Full Figure","2026-06-01","58","9"
"Lila Labor & Postpartum Gown in Deep Teal","Deep Teal / Slim Petite","2026-06-01","165","4"
"Finley Romper in Midnight Blue","Midnight Blue / 16-24 Months","2026-06-01","25","0"
"Amelia Labor & Postpartum Gown in Periwinkle","Periwinkle / Slim Petite","2026-06-01","3","4"
"Lila Labor & Postpartum Gown in Lilac","Lilac / Curve","2026-06-01","33","3"
"The Cameron Unisex Nursing and Skin to Skin Shirt in Emerald","2XL","2026-06-01","43","0"
"The Cameron Unisex Nursing and Skin to Skin Shirt in Sage","Extra Large","2026-06-01","55","3"
"Lila Labor & Postpartum Gown in Deep Teal","Deep Teal / Full Figure","2026-06-01","183","10"
"Finley Romper in Midnight Blue","Midnight Blue / 6-9 Months","2026-06-01","22","0"
"Amelia Labor & Postpartum Gown in Midnight Blue","Midnight Blue / Standard","2026-06-01","26","5"
"Amelia Labor & Postpartum Gown in Charcoal Grey","Charcoal Grey / Curve","2026-06-01","17","1"
"Lila Labor & Postpartum Gown in Periwinkle Blue","Periwinkle / Standard","2026-06-01","60","42"
"Robes in Black","Mia Robe / Short","2026-06-01","-1","0"
"Amelia Labor & Postpartum Gown in Dusty Rose","Dusty Rose / Full Figure","2026-06-01","8","8"
"The Cameron Unisex Nursing and Skin to Skin Shirt in Plum","Large","2026-06-01","57","2"
"Finley Romper in Deep Teal","Deep Teal / 6-9 Months","2026-06-01","17","1"
"Baby Swaddle Set: Deep Teal","Hat & Bow","2026-06-01","18","14"
"Amelia Labor & Postpartum Gown in Deep Teal","Deep Teal / Slim Petite","2026-06-01","50","0"
"Finley Romper in Sage","Sage / 6-9 Months","2026-06-01","15","0"
"Baby Swaddle Set: Periwinkle","Hat & Bow","2026-06-01","-3","0"
"The Cameron Unisex Nursing and Skin to Skin Shirt in Black","Medium","2026-06-01","43","1"
"Lila Labor & Postpartum Gown in Charcoal Grey","Charcoal Grey / Standard","2026-06-01","1","0"
"Finley Romper in Periwinkle","Periwinkle / 9-12 Months","2026-06-01","20","0"
"Robes in Sage","Laura Robe / Long","2026-06-01","34","6"
"Finley Romper in Vintage Floral","Vintage Floral / 12-18 Months","2026-06-01","10","1"
"Baby Swaddle Set: Vintage Floral","Hat & Bow","2026-06-01","-11","5"
"Lila Labor & Postpartum Gown in Lilac","Lilac / Slim Petite","2026-06-01","3","6"
"The Cameron Unisex Nursing and Skin to Skin Shirt in Emerald","Large","2026-06-01","24","2"
"Finley Romper in Black","Black / 12-18 Months","2026-06-01","40","0"
"Baby Swaddle Set: Plum","Hat & Bow","2026-06-01","-4","1"
"Amelia Labor & Postpartum Gown in Black","Black / Slim Petite","2026-06-01","60","4"
"Lila Labor & Postpartum Gown in Sage","Sage / Petite","2026-06-01","0","0"
"Robes in Lilac","Laura Robe / Long","2026-06-01","44","0"
"Lila Labor & Postpartum Gown in Sage","Sage / Full Figure","2026-06-01","93","6"
"The Cameron Unisex Nursing and Skin to Skin Shirt in Black","Extra Large","2026-06-01","63","2"
"Robes in Midnight Blue","Laura Robe / Long","2026-06-01","53","4"
"Lila Labor & Postpartum Gown in Sage","Sage / Curve","2026-06-01","72","5"
"Finley Romper in Black","Black / 18-24 Months","2026-06-01","83","0"
"Amelia Labor & Postpartum Gown Lilac","Curve","2026-06-01","21","0"
"The Cameron Unisex Nursing and Skin to Skin Shirt in Sage","Small","2026-06-01","42","1"
"Amelia Labor & Postpartum Gown in Emerald","Emerald / Curve","2026-06-01","55","0"
"Finley Romper in Dusty Rose","Dusty Rose / Newborn","2026-06-01","25","1"
"Finley Romper in Deep Teal","Deep Teal / Newborn","2026-06-01","116","6"
"Finley Romper in Deep Teal","Deep Teal / 12-16 Months","2026-06-01","64","0"
"Lila Labor & Postpartum Gown in Vintage Floral","Vintage Floral / Standard","2026-06-01","57","41"
"Lila Labor & Postpartum Gown in Sage","Sage / Slim Petite","2026-06-01","11","5"
"Amelia Labor & Postpartum Gown in Sage","Sage / Petite","2026-06-01","40","1"
"Finley Romper in Periwinkle","Periwinkle / Newborn","2026-06-01","-1","0"
"The Cameron Unisex Nursing and Skin to Skin Shirt in Deep Teal","2XL","2026-06-01","42","3"
"Finley Romper in Periwinkle","Periwinkle / 18-24 Months","2026-06-01","19","0"
"Finley Romper in Midnight Blue","Midnight Blue / Newborn","2026-06-01","-4","1"
"Finley Romper in Dusty Rose","Dusty Rose / 6-9 Months","2026-06-01","31","0"
"Lila Labor & Postpartum Gown in Black","Black / Full Figure","2026-06-01","330","31"
"Lila Labor & Postpartum Gown in Black","Black / Standard","2026-06-01","99","75"
"The Cameron Unisex Nursing and Skin to Skin Shirt in Black","Medium","2026-06-08","39","4"
"Robes in Dusty Rose","Laura Robe / Long","2026-06-08","17","3"
"Robes in Plum","Mia Robe / Short","2026-06-08","4","2"
"The Cameron Unisex Nursing and Skin to Skin Shirt in Deep Teal","Small","2026-06-08","58","0"
"Lila Labor & Postpartum Gown in Black","Black / Slim Petite","2026-06-08","362","26"
"Lila Labor & Postpartum Gown in Plum","Plum / Full Figure","2026-06-08","18","15"
"Lila Labor & Postpartum Gown in Dusty Rose","Dusty Rose / Standard","2026-06-08","12","37"
"Lila Labor & Postpartum Gown in Emerald","Emerald / Full Figure","2026-06-08","54","5"
"Lila Labor & Postpartum Gown in Deep Teal","Deep Teal / Slim Petite","2026-06-08","151","15"
"Lila Labor & Postpartum Gown in Mocha","Mocha / Curve","2026-06-08","60","1"
"Amelia Labor & Postpartum Gown in Sage","Sage / Curve","2026-06-08","24","0"
"Amelia Labor & Postpartum Gown in Periwinkle","Periwinkle / Full Figure","2026-06-08","30","8"
"Amelia Labor & Postpartum Gown in Mocha","Mocha / Standard","2026-06-08","20","0"
"The Cameron Unisex Nursing and Skin to Skin Shirt in Emerald","2XL","2026-06-08","41","2"
"Amelia Labor & Postpartum Gown in Mocha","Mocha / Slim Petite","2026-06-08","20","0"
"Lila Labor & Postpartum Gown in Sage","Sage / Curve","2026-06-08","69","4"
"The Cameron Unisex Nursing and Skin to Skin Shirt in Emerald","Medium","2026-06-08","44","1"
"Amelia Labor & Postpartum Gown in Periwinkle","Periwinkle / Slim Petite","2026-06-08","1","2"
"Amelia Labor & Postpartum Gown in Deep Teal","Deep Teal / Standard","2026-06-08","1","3"
"Finley Romper in Deep Teal","Deep Teal / 16-24 Months","2026-06-08","63","0"
"Lila Labor & Postpartum Gown in Charcoal Grey","Charcoal Grey / Petite","2026-06-08","31","1"
"Finley Romper in Black","Black / 18-24 Months","2026-06-08","83","0"
"Robes in Vintage Floral","Laura Robe / Long","2026-06-08","-1","0"
"Lila Labor & Postpartum Gown in Vintage Floral","Vintage Floral / Full Figure","2026-06-08","27","9"
"Lila Labor & Postpartum Gown in Dusty Rose","Dusty Rose / Curve","2026-06-08","22","5"
"Amelia Labor & Postpartum Gown in Charcoal Grey","Charcoal Grey / Standard","2026-06-08","0","0"
"Amelia Labor & Postpartum Gown in Plum","Plum / Curve","2026-06-08","41","3"
"Amelia Labor & Postpartum Gown in Deep Teal","Deep Teal / Full Figure","2026-06-08","90","2"
"Lila Labor & Postpartum Gown in Periwinkle Blue","Periwinkle / Slim Petite","2026-06-08","-3","0"
"The Cameron Unisex Nursing and Skin to Skin Shirt in Sage","Medium","2026-06-08","40","4"
"Finley Romper in Midnight Blue","Midnight Blue / 9-12 Months","2026-06-08","31","0"
"Lila Labor & Postpartum Gown in Vintage Floral","Vintage Floral / Curve","2026-06-08","-2","2"
"Baby Swaddle Set: Emerald","Hat & Bow","2026-06-08","-3","0"
"The Cameron Unisex Nursing and Skin to Skin Shirt in Plum","Small","2026-06-08","36","0"
"Finley Romper in Black","Black / Newborn","2026-06-08","80","3"
"Amelia Labor & Postpartum Gown Lilac","Slim Petite","2026-06-08","45","1"
"Lila Labor & Postpartum Gown in Vintage Floral","Vintage Floral / Slim Petite","2026-06-08","34","2"
"Baby Swaddle Set: Plum","Hat & Bow","2026-06-08","-3","0"
"Amelia Labor & Postpartum Gown in Black","Black / Slim Petite","2026-06-08","57","3"
"Robes in Deep Teal","Laura Robe / Long","2026-06-08","27","1"
"Finley Romper in Emerald","Emerald / Newborn","2026-06-08","-5","0"
"Amelia Labor & Postpartum Gown in Mocha","Mocha / Full Figure","2026-06-08","20","0"
"Lila Labor & Postpartum Gown in Sage","Sage / Slim Petite","2026-06-08","9","2"
"Lila Labor & Postpartum Gown in Midnight Blue","Midnight Blue / Slim Petite","2026-06-08","1","18"
"Amelia Labor & Postpartum Gown in Charcoal Grey","Charcoal Grey / Full Figure","2026-06-08","5","1"
"The Cameron Unisex Nursing and Skin to Skin Shirt in Plum","2XL","2026-06-08","43","1"
"Finley Romper in Periwinkle","Periwinkle / 12-18 Months","2026-06-08","19","0"
"Lila Labor & Postpartum Gown in Black","Black / Standard","2026-06-08","39","63"
"The Cameron Unisex Nursing and Skin to Skin Shirt in Deep Teal","2XL","2026-06-08","41","1"
"The Cameron Unisex Nursing and Skin to Skin Shirt in Deep Teal","Extra Large","2026-06-08","58","1"
"Robes in Sage","Mia Robe / Short","2026-06-08","57","0"
"Lila Labor & Postpartum Gown in Deep Teal","Deep Teal / Standard","2026-06-08","360","29"
"Lila Labor & Postpartum Gown in Periwinkle Blue","Periwinkle / Curve","2026-06-08","66","6"
"Amelia Labor & Postpartum Gown in Plum","Plum / Full Figure","2026-06-08","47","5"
"The Cameron Unisex Nursing and Skin to Skin Shirt in Black","Small","2026-06-08","18","0"
"Finley Romper in Plum","Plum / 6-9 Months","2026-06-08","112","0"
"Finley Romper in Emerald","Emerald / 18-24 Months","2026-06-08","3","0"
"Finley Romper in Lilac","Lilac / Newborn","2026-06-08","17","0"
"Amelia Labor & Postpartum Gown in Deep Teal","Deep Teal / Curve","2026-06-08","24","4"
"The Cameron Unisex Nursing and Skin to Skin Shirt in Sage","Large","2026-06-08","59","0"
"Amelia Labor & Postpartum Gown Lilac","Full Figure","2026-06-08","9","1"
"Robes in Lilac","Laura Robe / Long","2026-06-08","43","1"
"Lila Labor & Postpartum Gown in Sage","Sage / Full Figure","2026-06-08","86","7"
"Lila Labor & Postpartum Gown in Charcoal Grey","Charcoal Grey / Standard","2026-06-08","50","11"
"Robes in Deep Teal","Mia Robe / Short","2026-06-08","22","6"
"Robes in Black","Laura Robe / Long","2026-06-08","37","3"
"Finley Romper in Sage","Sage / 6-9 Months","2026-06-08","15","0"
"TENS Unit for Labor","Default Title","2026-06-08","1826","132"
"Amelia Labor & Postpartum Gown in Emerald","Emerald / Full Figure","2026-06-08","84","1"
"Lila Labor & Postpartum Gown in Sage","Sage / Petite","2026-06-08","0","0"
"Amelia Labor & Postpartum Gown in Vintage Floral","Vintage Floral / Full Figure","2026-06-08","27","3"
"Lila Labor & Postpartum Gown in Deep Teal","Deep Teal / Full Figure","2026-06-08","176","10"
"The Cameron Unisex Nursing and Skin to Skin Shirt in Sage","Extra Large","2026-06-08","54","1"
"Lila Labor & Postpartum Gown in Periwinkle Blue","Periwinkle / Full Figure","2026-06-08","34","11"
"Lila Labor & Postpartum Gown in Charcoal Grey","Charcoal Grey / Full Figure","2026-06-08","26","4"
"Lila Labor & Postpartum Gown in Mocha","Mocha / Standard","2026-06-08","55","9"
"Lila Labor & Postpartum Gown in Deep Teal","Deep Teal / Curve","2026-06-08","84","3"
"Finley Romper in Vintage Floral","Vintage Floral / 6-9 Months","2026-06-08","6","0"
"Finley Romper in Vintage Floral","Vintage Floral / 3-6 Months","2026-06-08","11","0"
"Finley Romper in Deep Teal","Deep Teal / 3-6 Months","2026-06-08","0","0"
"Finley Romper in Periwinkle","Periwinkle / 6-9 Months","2026-06-08","44","0"
"Lila Labor & Postpartum Gown in Charcoal Grey","Charcoal Grey / Curve","2026-06-08","28","4"
"Lila Labor & Postpartum Gown in Midnight Blue","Midnight Blue / Curve","2026-06-08","7","13"
"Finley Romper in Vintage Floral","Vintage Floral / 18-24 Months","2026-06-08","15","0"
"The Cameron Unisex Nursing and Skin to Skin Shirt in Midnight Blue","Small","2026-06-08","58","0"
"Amelia Labor & Postpartum Gown in Dusty Rose","Dusty Rose / Full Figure","2026-06-08","5","4"
"Robes in Black","Mia Robe / Short","2026-06-08","-2","1"
"Lila Labor & Postpartum Gown in Periwinkle Blue","Periwinkle / Standard","2026-06-08","11","49"
"Lila Labor & Postpartum Gown in Sage","Sage / Standard","2026-06-08","160","22"
"Lila Labor & Postpartum Gown in Plum","Plum / Slim Petite","2026-06-08","33","5"
"Baby Swaddle Set: Sage","Hat & Bow","2026-06-08","-6","0"
"Lila Labor & Postpartum Gown in Lilac","Lilac / Full Figure","2026-06-08","1","3"
"Amelia Labor & Postpartum Gown in Black","Black / Curve","2026-06-08","55","7"
"Amelia Labor & Postpartum Gown in Midnight Blue","Midnight Blue / Full Figure","2026-06-08","5","3"
"Finley Romper in Lilac","Lilac / 6-9 Months","2026-06-08","18","0"
"Robes in Emerald","Mia Robe / Short","2026-06-08","64","1"
"Amelia Labor & Postpartum Gown in Emerald","Emerald / Standard","2026-06-08","84","1"
"Finley Romper in Black","Black / 9-12 Months","2026-06-08","60","0"
"The Cameron Unisex Nursing and Skin to Skin Shirt in Deep Teal","Large","2026-06-08","48","8"
"The Cameron Unisex Nursing and Skin to Skin Shirt in Sage","2XL","2026-06-08","64","0"
"Finley Romper in Midnight Blue","Midnight Blue / Newborn","2026-06-08","-4","0"
"Amelia Labor & Postpartum Gown in Periwinkle","Periwinkle / Curve","2026-06-08","13","0"
"Finley Romper in Dusty Rose","Dusty Rose / 3-6 Months","2026-06-08","99","0"
"Finley Romper in Black","Black / 6-9 Months","2026-06-08","3","0"
"Lila Labor & Postpartum Gown in Lilac","Lilac / Curve","2026-06-08","28","5"
"Amelia Labor & Postpartum Gown in Charcoal Grey","Charcoal Grey / Petite","2026-06-08","41","0"
"Lila Labor & Postpartum Gown in Plum","Plum / Curve","2026-06-08","31","6"
"Robes in Plum","Laura Robe / Long","2026-06-08","4","3"
"Robes in Periwinkle","Mia Robe / Short","2026-06-08","24","0"
"Finley Romper in Deep Teal","Deep Teal / 9-12 Months","2026-06-08","64","0"
"Robes in Midnight Blue","Mia Robe / Short","2026-06-08","75","0"
"Lila Labor & Postpartum Gown in Midnight Blue","Midnight Blue / Standard","2026-06-08","155","50"
"Lila Labor & Postpartum Gown in Mocha","Mocha / Slim Petite","2026-06-08","23","8"
"Lila Labor & Postpartum Gown in Dusty Rose","Dusty Rose / Full Figure","2026-06-08","70","13"
"The Cameron Unisex Nursing and Skin to Skin Shirt in Midnight Blue","Medium","2026-06-08","33","3"
"The Cameron Unisex Nursing and Skin to Skin Shirt in Emerald","Extra Large","2026-06-08","43","0"
"The Cameron Unisex Nursing and Skin to Skin Shirt in Midnight Blue","Extra Large","2026-06-08","0","0"
"Robes in Periwinkle","Laura Robe / Long","2026-06-08","70","5"
"Finley Romper in Black","Black / 12-18 Months","2026-06-08","40","0"
"Amelia Labor & Postpartum Gown in Black","Black / Standard","2026-06-08","45","6"
"Finley Romper in Emerald","Emerald / 6-9 Months","2026-06-08","18","0"
"Robes in Lilac","Mia Robe / Short","2026-06-08","41","0"
"Amelia Labor & Postpartum Gown in Periwinkle","Periwinkle / Standard","2026-06-08","-5","5"
"Finley Romper in Sage","Sage / 3-6 Months","2026-06-08","6","0"
"The Cameron Unisex Nursing and Skin to Skin Shirt in Midnight Blue","Large","2026-06-08","0","3"
"Amelia Labor & Postpartum Gown in Plum","Plum / Standard","2026-06-08","19","7"
"Robes in Dusty Rose","Mia Robe / Short","2026-06-08","33","1"
"Baby Swaddle Set: Black","Hat & Bow","2026-06-08","105","7"
"Finley Romper in Sage","Sage / Newborn","2026-06-08","0","0"
"Amelia Labor & Postpartum Gown in Midnight Blue","Midnight Blue / Curve","2026-06-08","62","0"
"Amelia Labor & Postpartum Gown in Mocha","Mocha / Curve","2026-06-08","20","0"
"Amelia Labor & Postpartum Gown in Black","Black / Full Figure","2026-06-08","51","3"
"Finley Romper in Vintage Floral","Vintage Floral / 9-12 Months","2026-06-08","5","0"
"Lila Labor & Postpartum Gown in Dusty Rose","Dusty Rose / Slim Petite","2026-06-08","38","8"
"Amelia Labor & Postpartum Gown in Sage","Sage / Petite","2026-06-08","40","0"
"The Cameron Unisex Nursing and Skin to Skin Shirt in Plum","Extra Large","2026-06-08","46","0"
"The Cameron Unisex Nursing and Skin to Skin Shirt in Black","2XL","2026-06-08","19","7"
"Lila Labor & Postpartum Gown in Mocha","Mocha / Full Figure","2026-06-08","58","2"
"Lila Labor & Postpartum Gown in Emerald","Emerald / Curve","2026-06-08","35","6"
"Amelia Labor & Postpartum Gown in Dusty Rose","Dusty Rose / Curve","2026-06-08","14","3"
"The Cameron Unisex Nursing and Skin to Skin Shirt in Deep Teal","Medium","2026-06-08","23","1"
"The Cameron Unisex Nursing and Skin to Skin Shirt in Emerald","Small","2026-06-08","38","0"
"Baby Swaddle Set: Vintage Floral","Hat & Bow","2026-06-08","-11","0"
"The Cameron Unisex Nursing and Skin to Skin Shirt in Plum","Medium","2026-06-08","36","4"
"Amelia Labor & Postpartum Gown in Vintage Floral","Vintage Floral / Curve","2026-06-08","0","0"
"Finley Romper in Emerald","Emerald / 3-6 Months","2026-06-08","68","0"
"Amelia Labor & Postpartum Gown in Emerald","Emerald / Petite","2026-06-08","66","0"
"Amelia Labor & Postpartum Gown in Plum","Plum / Slim Petite","2026-06-08","49","1"
"The Cameron Unisex Nursing and Skin to Skin Shirt in Black","Large","2026-06-08","15","5"
"Amelia Labor & Postpartum Gown in Sage","Sage / Standard","2026-06-08","88","1"
"Amelia Labor & Postpartum Gown in Sage","Sage / Full Figure","2026-06-08","42","0"
"Robes in Emerald","Laura Robe / Long","2026-06-08","1","0"
"Finley Romper in Emerald","Emerald / 9-12 Months","2026-06-08","82","0"
"Finley Romper in Dusty Rose","Dusty Rose / 6-9 Months","2026-06-08","31","0"
"Finley Romper in Vintage Floral","Vintage Floral / Newborn","2026-06-08","18","3"
"Lila Labor & Postpartum Gown in Vintage Floral","Vintage Floral / Standard","2026-06-08","27","29"
"The Cameron Unisex Nursing and Skin to Skin Shirt in Emerald","Large","2026-06-08","24","0"
"Lila Labor & Postpartum Gown in Lilac","Lilac / Standard","2026-06-08","134","27"
"Lila Labor & Postpartum Gown in Midnight Blue","Midnight Blue / Full Figure","2026-06-08","65","18"
"Baby Swaddle Set: Lilac","Hat & Bow","2026-06-08","144","0"
"Amelia Labor & Postpartum Gown in Vintage Floral","Vintage Floral / Petite","2026-06-08","3","0"
"Finley Romper in Midnight Blue","Midnight Blue / 16-24 Months","2026-06-08","25","0"
"Baby Swaddle Set: Midnight Blue","Hat & Bow","2026-06-08","2","21"
"Finley Romper in Deep Teal","Deep Teal / 12-16 Months","2026-06-08","64","0"
"Finley Romper in Deep Teal","Deep Teal / Newborn","2026-06-08","109","7"
"Finley Romper in Dusty Rose","Dusty Rose / Newborn","2026-06-08","24","1"
"Lila Labor & Postpartum Gown in Plum","Plum / Standard","2026-06-08","7","33"
"Amelia Labor & Postpartum Gown in Midnight Blue","Midnight Blue / Standard","2026-06-08","21","5"
"Finley Romper in Midnight Blue","Midnight Blue / 6-9 Months","2026-06-08","22","0"
"Amelia Labor & Postpartum Gown in Charcoal Grey","Charcoal Grey / Curve","2026-06-08","17","0"
"Robes in Midnight Blue","Laura Robe / Long","2026-06-08","52","1"
"The Cameron Unisex Nursing and Skin to Skin Shirt in Black","Extra Large","2026-06-08","59","5"
"Baby Swaddle Set: Deep Teal","Hat & Bow","2026-06-08","1","17"
"Finley Romper in Dusty Rose","Dusty Rose / 9-12 Months","2026-06-08","24","0"
"Lila Labor & Postpartum Gown in Emerald","Emerald / Slim Petite","2026-06-08","12","5"
"Lila Labor & Postpartum Gown in Black","Black / Full Figure","2026-06-08","304","27"
"Finley Romper in Midnight Blue","Midnight Blue / 3-6 Months","2026-06-08","-2","0"
"The Cameron Unisex Nursing and Skin to Skin Shirt in Midnight Blue","2XL","2026-06-08","-2","3"
"Amelia Labor & Postpartum Gown Lilac","Standard","2026-06-08","3","3"
"Finley Romper in Black","Black / 3-6 Months","2026-06-08","58","0"
"Baby Swaddle Set: Dusty Rose","Hat & Bow","2026-06-08","-1","0"
"Amelia Labor & Postpartum Gown in Midnight Blue","Midnight Blue / Slim Petite","2026-06-08","70","0"
"Amelia Labor & Postpartum Gown Lilac","Curve","2026-06-08","20","1"
"Finley Romper in Lilac","Lilac / 3-6 Months","2026-06-08","31","0"
"Lila Labor & Postpartum Gown in Lilac","Lilac / Slim Petite","2026-06-08","-2","5"
"Finley Romper in Midnight Blue","Midnight Blue / 12-16 Months","2026-06-08","20","0"
"Lila Labor & Postpartum Gown in Emerald","Emerald / Standard","2026-06-08","98","13"
"Finley Romper in Plum","Plum / Newborn","2026-06-08","63","0"
"Robes in Vintage Floral","Mia Robe / Short","2026-06-08","-2","0"
"Finley Romper in Periwinkle","Periwinkle / 3-6 Months","2026-06-08","28","0"
"Finley Romper in Periwinkle","Periwinkle / 18-24 Months","2026-06-08","19","0"
"Finley Romper in Plum","Plum / 3-6 Months","2026-06-08","-1","0"
"Amelia Labor & Postpartum Gown in Dusty Rose","Dusty Rose / Standard","2026-06-08","43","8"
"Baby Swaddle Set: Periwinkle","Hat & Bow","2026-06-08","-2","0"
"Lila Labor & Postpartum Gown in Black","Black / Curve","2026-06-08","137","19"
"Finley Romper in Periwinkle","Periwinkle / Newborn","2026-06-08","-1","0"
"Finley Romper in Deep Teal","Deep Teal / 6-9 Months","2026-06-08","17","0"
"The Cameron Unisex Nursing and Skin to Skin Shirt in Plum","Large","2026-06-08","54","3"
"Amelia Labor & Postpartum Gown in Dusty Rose","Dusty Rose / Slim Petite","2026-06-08","33","6"
"Robes in Sage","Laura Robe / Long","2026-06-08","30","4"
"Finley Romper in Periwinkle","Periwinkle / 9-12 Months","2026-06-08","20","0"
"Finley Romper in Vintage Floral","Vintage Floral / 12-18 Months","2026-06-08","10","0"
"Amelia Labor & Postpartum Gown in Emerald","Emerald / Curve","2026-06-08","55","0"
"The Cameron Unisex Nursing and Skin to Skin Shirt in Sage","Small","2026-06-08","42","1"
"Amelia Labor & Postpartum Gown in Vintage Floral","Vintage Floral / Standard","2026-06-08","55","1"
"Amelia Labor & Postpartum Gown in Deep Teal","Deep Teal / Slim Petite","2026-06-08","50","0"
"Lila Labor & Postpartum Gown in Lilac","Lilac / Slim Petite","2026-06-15","25","3"
"Amelia Labor & Postpartum Gown in Deep Teal","Deep Teal / Full Figure","2026-06-15","85","5"
"Amelia Labor & Postpartum Gown in Plum","Plum / Curve","2026-06-15","39","2"
"Amelia Labor & Postpartum Gown in Charcoal Grey","Charcoal Grey / Standard","2026-06-15","60","0"
"Lila Labor & Postpartum Gown in Midnight Blue","Midnight Blue / Curve","2026-06-15","74","5"
"Lila Labor & Postpartum Gown in Charcoal Grey","Charcoal Grey / Curve","2026-06-15","27","1"
"Finley Romper in Black","Black / 3-6 Months","2026-06-15","58","0"
"Lila Labor & Postpartum Gown in Midnight Blue","Midnight Blue / Slim Petite","2026-06-15","71","1"
"Amelia Labor & Postpartum Gown in Black","Black / Standard","2026-06-15","109","2"
"Finley Romper in Deep Teal","Deep Teal / 16-24 Months","2026-06-15","63","0"
"Lila Labor & Postpartum Gown in Emerald","Emerald / Slim Petite","2026-06-15","58","3"
"The Cameron Unisex Nursing and Skin to Skin Shirt in Black","2XL","2026-06-15","16","3"
"The Cameron Unisex Nursing and Skin to Skin Shirt in Deep Teal","2XL","2026-06-15","39","2"
"Amelia Labor & Postpartum Gown in Periwinkle","Periwinkle / Full Figure","2026-06-15","94","1"
"Amelia Labor & Postpartum Gown in Sage","Sage / Curve","2026-06-15","23","1"
"The Cameron Unisex Nursing and Skin to Skin Shirt in Midnight Blue","Large","2026-06-15","0","0"
"Amelia Labor & Postpartum Gown in Periwinkle","Periwinkle / Standard","2026-06-15","-6","3"
"Robes in Lilac","Mia Robe / Short","2026-06-15","40","1"
"Finley Romper in Emerald","Emerald / 6-9 Months","2026-06-15","18","0"
"Robes in Dusty Rose","Mia Robe / Short","2026-06-15","30","3"
"Amelia Labor & Postpartum Gown in Dusty Rose","Dusty Rose / Slim Petite","2026-06-15","103","5"
"Finley Romper in Midnight Blue","Midnight Blue / 16-24 Months","2026-06-15","25","0"
"Amelia Labor & Postpartum Gown Lilac","Standard","2026-06-15","0","3"
"The Cameron Unisex Nursing and Skin to Skin Shirt in Midnight Blue","2XL","2026-06-15","-2","0"
"Amelia Labor & Postpartum Gown in Black","Black / Slim Petite","2026-06-15","112","0"
"Baby Swaddle Set: Plum","Hat & Bow","2026-06-15","-3","0"
"Lila Labor & Postpartum Gown in Black","Black / Standard","2026-06-15","315","65"
"Lila Labor & Postpartum Gown in Sage","Sage / Curve","2026-06-15","88","2"
"Robes in Dusty Rose","Laura Robe / Long","2026-06-15","11","6"
"Amelia Labor & Postpartum Gown in Mocha","Mocha / Standard","2026-06-15","18","2"
"Amelia Labor & Postpartum Gown in Vintage Floral","Vintage Floral / Full Figure","2026-06-15","30","2"
"Robes in Periwinkle","Mia Robe / Short","2026-06-15","23","1"
"Finley Romper in Periwinkle","Periwinkle / Newborn","2026-06-15","-1","0"
"The Cameron Unisex Nursing and Skin to Skin Shirt in Black","Small","2026-06-15","18","0"
"Finley Romper in Black","Black / 6-9 Months","2026-06-15","3","0"
"Finley Romper in Dusty Rose","Dusty Rose / 3-6 Months","2026-06-15","99","0"
"Finley Romper in Black","Black / 12-18 Months","2026-06-15","40","0"
"Finley Romper in Vintage Floral","Vintage Floral / Newborn","2026-06-15","12","6"
"Amelia Labor & Postpartum Gown in Periwinkle","Periwinkle / Curve","2026-06-15","47","1"
"Lila Labor & Postpartum Gown in Mocha","Mocha / Standard","2026-06-15","44","11"
"Amelia Labor & Postpartum Gown in Vintage Floral","Vintage Floral / Petite","2026-06-15","2","1"
"Finley Romper in Dusty Rose","Dusty Rose / Newborn","2026-06-15","24","0"
"Finley Romper in Deep Teal","Deep Teal / Newborn","2026-06-15","109","0"
"Finley Romper in Deep Teal","Deep Teal / 12-16 Months","2026-06-15","64","0"
"Finley Romper in Black","Black / 18-24 Months","2026-06-15","83","0"
"Lila Labor & Postpartum Gown in Dusty Rose","Dusty Rose / Standard","2026-06-15","66","26"
"Finley Romper in Periwinkle","Periwinkle / 3-6 Months","2026-06-15","28","0"
"Robes in Vintage Floral","Mia Robe / Short","2026-06-15","-2","0"
"Lila Labor & Postpartum Gown in Dusty Rose","Dusty Rose / Slim Petite","2026-06-15","58","14"
"The Cameron Unisex Nursing and Skin to Skin Shirt in Sage","Extra Large","2026-06-15","53","1"
"Lila Labor & Postpartum Gown in Deep Teal","Deep Teal / Full Figure","2026-06-15","304","8"
"Lila Labor & Postpartum Gown in Plum","Plum / Slim Petite","2026-06-15","68","11"
"Amelia Labor & Postpartum Gown in Deep Teal","Deep Teal / Curve","2026-06-15","23","1"
"Amelia Labor & Postpartum Gown in Black","Black / Curve","2026-06-15","101","2"
"Lila Labor & Postpartum Gown in Lilac","Lilac / Full Figure","2026-06-15","97","4"
"Lila Labor & Postpartum Gown in Periwinkle Blue","Periwinkle / Standard","2026-06-15","237","28"
"Robes in Black","Mia Robe / Short","2026-06-15","-2","0"
"Amelia Labor & Postpartum Gown in Dusty Rose","Dusty Rose / Full Figure","2026-06-15","166","4"
"Robes in Plum","Laura Robe / Long","2026-06-15","1","3"
"Lila Labor & Postpartum Gown in Dusty Rose","Dusty Rose / Curve","2026-06-15","69","4"
"Lila Labor & Postpartum Gown in Vintage Floral","Vintage Floral / Full Figure","2026-06-15","221","13"
"Robes in Vintage Floral","Laura Robe / Long","2026-06-15","-1","0"
"Lila Labor & Postpartum Gown in Black","Black / Curve","2026-06-15","160","12"
"Finley Romper in Sage","Sage / 6-9 Months","2026-06-15","14","1"
"Lila Labor & Postpartum Gown in Lilac","Lilac / Curve","2026-06-15","55","3"
"Lila Labor & Postpartum Gown in Black","Black / Full Figure","2026-06-15","380","27"
"Finley Romper in Periwinkle","Periwinkle / 18-24 Months","2026-06-15","19","0"
"Amelia Labor & Postpartum Gown in Plum","Plum / Slim Petite","2026-06-15","45","4"
"The Cameron Unisex Nursing and Skin to Skin Shirt in Emerald","Medium","2026-06-15","43","1"
"Lila Labor & Postpartum Gown in Periwinkle Blue","Periwinkle / Slim Petite","2026-06-15","81","10"
"Finley Romper in Midnight Blue","Midnight Blue / 9-12 Months","2026-06-15","31","0"
"The Cameron Unisex Nursing and Skin to Skin Shirt in Sage","Medium","2026-06-15","37","3"
"Finley Romper in Lilac","Lilac / Newborn","2026-06-15","17","0"
"Amelia Labor & Postpartum Gown in Mocha","Mocha / Curve","2026-06-15","20","0"
"Amelia Labor & Postpartum Gown in Midnight Blue","Midnight Blue / Curve","2026-06-15","65","0"
"Finley Romper in Vintage Floral","Vintage Floral / 12-18 Months","2026-06-15","10","0"
"Finley Romper in Periwinkle","Periwinkle / 9-12 Months","2026-06-15","20","0"
"Robes in Sage","Laura Robe / Long","2026-06-15","26","4"
"Amelia Labor & Postpartum Gown in Charcoal Grey","Charcoal Grey / Full Figure","2026-06-15","61","1"
"Finley Romper in Lilac","Lilac / 3-6 Months","2026-06-15","31","0"
"Lila Labor & Postpartum Gown in Emerald","Emerald / Curve","2026-06-15","27","2"
"Finley Romper in Midnight Blue","Midnight Blue / 3-6 Months","2026-06-15","-2","0"
"The Cameron Unisex Nursing and Skin to Skin Shirt in Emerald","Large","2026-06-15","24","0"
"Robes in Periwinkle","Laura Robe / Long","2026-06-15","69","1"
"The Cameron Unisex Nursing and Skin to Skin Shirt in Midnight Blue","Extra Large","2026-06-15","0","0"
"The Cameron Unisex Nursing and Skin to Skin Shirt in Emerald","Extra Large","2026-06-15","43","0"
"Lila Labor & Postpartum Gown in Charcoal Grey","Charcoal Grey / Standard","2026-06-15","46","4"
"Lila Labor & Postpartum Gown in Mocha","Mocha / Slim Petite","2026-06-15","21","2"
"Amelia Labor & Postpartum Gown Lilac","Full Figure","2026-06-15","42","2"
"The Cameron Unisex Nursing and Skin to Skin Shirt in Sage","Large","2026-06-15","55","5"
"Robes in Emerald","Mia Robe / Short","2026-06-15","62","2"
"Finley Romper in Lilac","Lilac / 6-9 Months","2026-06-15","18","0"
"Lila Labor & Postpartum Gown in Sage","Sage / Full Figure","2026-06-15","142","4"
"Robes in Lilac","Laura Robe / Long","2026-06-15","43","0"
"The Cameron Unisex Nursing and Skin to Skin Shirt in Sage","Small","2026-06-15","42","0"
"Amelia Labor & Postpartum Gown in Emerald","Emerald / Curve","2026-06-15","55","0"
"Baby Swaddle Set: Sage","Hat & Bow","2026-06-15","-5","0"
"The Cameron Unisex Nursing and Skin to Skin Shirt in Emerald","Small","2026-06-15","38","0"
"Finley Romper in Sage","Sage / Newborn","2026-06-15","0","0"
"Finley Romper in Sage","Sage / 3-6 Months","2026-06-15","4","2"
"Lila Labor & Postpartum Gown in Plum","Plum / Curve","2026-06-15","69","9"
"Amelia Labor & Postpartum Gown in Deep Teal","Deep Teal / Slim Petite","2026-06-15","39","2"
"Finley Romper in Emerald","Emerald / Newborn","2026-06-15","-5","0"
"Finley Romper in Periwinkle","Periwinkle / 6-9 Months","2026-06-15","44","0"
"Robes in Plum","Mia Robe / Short","2026-06-15","3","2"
"Lila Labor & Postpartum Gown in Plum","Plum / Standard","2026-06-15","217","28"
"Amelia Labor & Postpartum Gown in Dusty Rose","Dusty Rose / Standard","2026-06-15","101","13"
"Finley Romper in Plum","Plum / 3-6 Months","2026-06-15","-1","0"
"The Cameron Unisex Nursing and Skin to Skin Shirt in Plum","Small","2026-06-15","36","0"
"Baby Swaddle Set: Emerald","Hat & Bow","2026-06-15","-3","0"
"Finley Romper in Vintage Floral","Vintage Floral / 9-12 Months","2026-06-15","5","0"
"Finley Romper in Midnight Blue","Midnight Blue / Newborn","2026-06-15","-4","0"
"Amelia Labor & Postpartum Gown in Emerald","Emerald / Standard","2026-06-15","81","3"
"Robes in Deep Teal","Mia Robe / Short","2026-06-15","18","4"
"Lila Labor & Postpartum Gown in Vintage Floral","Vintage Floral / Curve","2026-06-15","33","6"
"The Cameron Unisex Nursing and Skin to Skin Shirt in Emerald","2XL","2026-06-15","41","0"
"Robes in Deep Teal","Laura Robe / Long","2026-06-15","27","1"
"Amelia Labor & Postpartum Gown in Charcoal Grey","Charcoal Grey / Curve","2026-06-15","71","0"
"Finley Romper in Midnight Blue","Midnight Blue / 6-9 Months","2026-06-15","22","0"
"Amelia Labor & Postpartum Gown in Midnight Blue","Midnight Blue / Standard","2026-06-15","40","1"
"Amelia Labor & Postpartum Gown in Plum","Plum / Standard","2026-06-15","12","8"
"Finley Romper in Vintage Floral","Vintage Floral / 18-24 Months","2026-06-15","15","0"
"Lila Labor & Postpartum Gown in Deep Teal","Deep Teal / Slim Petite","2026-06-15","146","5"
"Lila Labor & Postpartum Gown in Emerald","Emerald / Full Figure","2026-06-15","75","5"
"The Cameron Unisex Nursing and Skin to Skin Shirt in Midnight Blue","Small","2026-06-15","58","0"
"Amelia Labor & Postpartum Gown in Mocha","Mocha / Full Figure","2026-06-15","20","0"
"The Cameron Unisex Nursing and Skin to Skin Shirt in Deep Teal","Extra Large","2026-06-15","58","0"
"The Cameron Unisex Nursing and Skin to Skin Shirt in Sage","2XL","2026-06-15","61","3"
"Amelia Labor & Postpartum Gown in Sage","Sage / Petite","2026-06-15","43","2"
"Baby Swaddle Set: Deep Teal","Hat & Bow","2026-06-15","-2","1"
"The Cameron Unisex Nursing and Skin to Skin Shirt in Midnight Blue","Medium","2026-06-15","32","1"
"The Cameron Unisex Nursing and Skin to Skin Shirt in Deep Teal","Large","2026-06-15","45","3"
"The Cameron Unisex Nursing and Skin to Skin Shirt in Plum","Extra Large","2026-06-15","46","0"
"Lila Labor & Postpartum Gown in Periwinkle Blue","Periwinkle / Full Figure","2026-06-15","159","9"
"Baby Swaddle Set: Vintage Floral","Hat & Bow","2026-06-15","-6","0"
"Finley Romper in Emerald","Emerald / 18-24 Months","2026-06-15","3","0"
"Baby Swaddle Set: Black","Hat & Bow","2026-06-15","100","5"
"Finley Romper in Plum","Plum / 6-9 Months","2026-06-15","112","0"
"Finley Romper in Midnight Blue","Midnight Blue / 12-16 Months","2026-06-15","20","0"
"Lila Labor & Postpartum Gown in Plum","Plum / Full Figure","2026-06-15","133","11"
"Lila Labor & Postpartum Gown in Black","Black / Slim Petite","2026-06-15","454","21"
"Lila Labor & Postpartum Gown in Periwinkle Blue","Periwinkle / Curve","2026-06-15","123","5"
"Lila Labor & Postpartum Gown in Deep Teal","Deep Teal / Standard","2026-06-15","422","17"
"Robes in Sage","Mia Robe / Short","2026-06-15","56","1"
"Baby Swaddle Set: Periwinkle","Hat & Bow","2026-06-15","-2","0"
"Finley Romper in Vintage Floral","Vintage Floral / 6-9 Months","2026-06-15","6","0"
"Lila Labor & Postpartum Gown in Deep Teal","Deep Teal / Curve","2026-06-15","177","2"
"Finley Romper in Emerald","Emerald / 9-12 Months","2026-06-15","82","0"
"Finley Romper in Black","Black / 9-12 Months","2026-06-15","60","0"
"Amelia Labor & Postpartum Gown in Black","Black / Full Figure","2026-06-15","98","11"
"Finley Romper in Dusty Rose","Dusty Rose / 9-12 Months","2026-06-15","24","0"
"Amelia Labor & Postpartum Gown in Emerald","Emerald / Petite","2026-06-15","66","0"
"Baby Swaddle Set: Midnight Blue","Hat & Bow","2026-06-15","-3","5"
"Finley Romper in Emerald","Emerald / 3-6 Months","2026-06-15","68","0"
"Amelia Labor & Postpartum Gown in Vintage Floral","Vintage Floral / Curve","2026-06-15","34","1"
"The Cameron Unisex Nursing and Skin to Skin Shirt in Deep Teal","Small","2026-06-15","58","0"
"The Cameron Unisex Nursing and Skin to Skin Shirt in Plum","Medium","2026-06-15","35","1"
"Amelia Labor & Postpartum Gown Lilac","Curve","2026-06-15","54","1"
"Amelia Labor & Postpartum Gown in Midnight Blue","Midnight Blue / Slim Petite","2026-06-15","48","2"
"Baby Swaddle Set: Dusty Rose","Hat & Bow","2026-06-15","-2","1"
"Lila Labor & Postpartum Gown in Midnight Blue","Midnight Blue / Full Figure","2026-06-15","165","16"
"Lila Labor & Postpartum Gown in Lilac","Lilac / Standard","2026-06-15","97","19"
"Baby Swaddle Set: Lilac","Hat & Bow","2026-06-15","144","0"
"The Cameron Unisex Nursing and Skin to Skin Shirt in Deep Teal","Medium","2026-06-15","23","0"
"Amelia Labor & Postpartum Gown in Dusty Rose","Dusty Rose / Curve","2026-06-15","71","6"
"Lila Labor & Postpartum Gown in Vintage Floral","Vintage Floral / Standard","2026-06-15","258","27"
"Lila Labor & Postpartum Gown in Sage","Sage / Slim Petite","2026-06-15","140","3"
"Finley Romper in Dusty Rose","Dusty Rose / 6-9 Months","2026-06-15","31","0"
"Amelia Labor & Postpartum Gown in Periwinkle","Periwinkle / Slim Petite","2026-06-15","0","1"
"Robes in Emerald","Laura Robe / Long","2026-06-15","1","0"
"The Cameron Unisex Nursing and Skin to Skin Shirt in Black","Extra Large","2026-06-15","120","3"
"Robes in Midnight Blue","Laura Robe / Long","2026-06-15","51","1"
"Lila Labor & Postpartum Gown in Charcoal Grey","Charcoal Grey / Petite","2026-06-15","29","2"
"Finley Romper in Periwinkle","Periwinkle / 12-18 Months","2026-06-15","19","0"
"The Cameron Unisex Nursing and Skin to Skin Shirt in Plum","2XL","2026-06-15","43","0"
"Lila Labor & Postpartum Gown in Midnight Blue","Midnight Blue / Standard","2026-06-15","138","51"
"Robes in Midnight Blue","Mia Robe / Short","2026-06-15","75","0"
"Finley Romper in Deep Teal","Deep Teal / 9-12 Months","2026-06-15","64","0"
"Finley Romper in Deep Teal","Deep Teal / 3-6 Months","2026-06-15","0","0"
"Finley Romper in Vintage Floral","Vintage Floral / 3-6 Months","2026-06-15","11","0"
"Amelia Labor & Postpartum Gown in Sage","Sage / Full Figure","2026-06-15","42","0"
"Finley Romper in Plum","Plum / Newborn","2026-06-15","62","1"
"Amelia Labor & Postpartum Gown in Sage","Sage / Standard","2026-06-15","92","1"
"The Cameron Unisex Nursing and Skin to Skin Shirt in Black","Large","2026-06-15","13","3"
"Lila Labor & Postpartum Gown in Vintage Floral","Vintage Floral / Slim Petite","2026-06-15","28","6"
"Amelia Labor & Postpartum Gown Lilac","Slim Petite","2026-06-15","45","0"
"The Cameron Unisex Nursing and Skin to Skin Shirt in Black","Medium","2026-06-15","110","0"
"Lila Labor & Postpartum Gown in Dusty Rose","Dusty Rose / Full Figure","2026-06-15","132","14"
"Amelia Labor & Postpartum Gown in Vintage Floral","Vintage Floral / Standard","2026-06-15","84","1"
"Lila Labor & Postpartum Gown in Mocha","Mocha / Curve","2026-06-15","58","2"
"The Cameron Unisex Nursing and Skin to Skin Shirt in Plum","Large","2026-06-15","54","0"
"Lila Labor & Postpartum Gown in Sage","Sage / Petite","2026-06-15","0","0"
"Finley Romper in Deep Teal","Deep Teal / 6-9 Months","2026-06-15","17","0"
"Amelia Labor & Postpartum Gown in Emerald","Emerald / Full Figure","2026-06-15","84","0"
"TENS Unit for Labor","Default Title","2026-06-15","1703","127"
"Amelia Labor & Postpartum Gown in Charcoal Grey","Charcoal Grey / Petite","2026-06-15","61","0"
"Lila Labor & Postpartum Gown in Mocha","Mocha / Full Figure","2026-06-15","57","1"
"Lila Labor & Postpartum Gown in Sage","Sage / Standard","2026-06-15","229","24"
"Robes in Black","Laura Robe / Long","2026-06-15","34","3"
"Amelia Labor & Postpartum Gown in Plum","Plum / Full Figure","2026-06-15","79","3"
"Finley Romper in Black","Black / Newborn","2026-06-15","81","1"
"Amelia Labor & Postpartum Gown in Deep Teal","Deep Teal / Standard","2026-06-15","12","3"
"Lila Labor & Postpartum Gown in Charcoal Grey","Charcoal Grey / Full Figure","2026-06-15","17","10"
"Amelia Labor & Postpartum Gown in Midnight Blue","Midnight Blue / Full Figure","2026-06-15","31","3"
"Lila Labor & Postpartum Gown in Emerald","Emerald / Standard","2026-06-15","122","5"
"Amelia Labor & Postpartum Gown in Mocha","Mocha / Slim Petite","2026-06-15","20","0"
"Amelia Labor & Postpartum Gown in Periwinkle","Periwinkle / Slim Petite","2026-06-22","0","0"
"Amelia Labor & Postpartum Gown in Periwinkle","Periwinkle / Curve","2026-06-22","45","2"
"Amelia Labor & Postpartum Gown in Deep Teal","Deep Teal / Standard","2026-06-22","2","11"
"Finley Romper in Dusty Rose","Dusty Rose / 6-9 Months","2026-06-22","31","0"
"Amelia Labor & Postpartum Gown in Emerald","Emerald / Standard","2026-06-22","80","1"
"Finley Romper in Deep Teal","Deep Teal / 16-24 Months","2026-06-22","63","0"
"Amelia Labor & Postpartum Gown in Emerald","Emerald / Petite","2026-06-22","66","0"
"Finley Romper in Periwinkle","Periwinkle / 12-18 Months","2026-06-22","19","0"
"Finley Romper in Lilac","Lilac / 3-6 Months","2026-06-22","31","0"
"The Cameron Unisex Nursing and Skin to Skin Shirt in Emerald","Small","2026-06-22","37","1"
"Amelia Labor & Postpartum Gown in Mocha","Mocha / Standard","2026-06-22","25","0"
"Finley Romper in Lilac","Lilac / Newborn","2026-06-22","17","0"
"Lila Labor & Postpartum Gown in Sage","Sage / Slim Petite","2026-06-22","138","2"
"Amelia Labor & Postpartum Gown in Mocha","Mocha / Full Figure","2026-06-22","18","3"
"Lila Labor & Postpartum Gown in Plum","Plum / Curve","2026-06-22","63","6"
"Lila Labor & Postpartum Gown in Dusty Rose","Dusty Rose / Standard","2026-06-22","33","34"
"Finley Romper in Midnight Blue","Midnight Blue / Newborn","2026-06-22","-4","0"
"Lila Labor & Postpartum Gown in Vintage Floral","Vintage Floral / Slim Petite","2026-06-22","14","14"
"Amelia Labor & Postpartum Gown Lilac","Slim Petite","2026-06-22","43","2"
"Robes in Sage","Mia Robe / Short","2026-06-22","55","1"
"Lila Labor & Postpartum Gown in Periwinkle Blue","Periwinkle / Curve","2026-06-22","120","3"
"Lila Labor & Postpartum Gown in Deep Teal","Deep Teal / Standard","2026-06-22","403","20"
"The Cameron Unisex Nursing and Skin to Skin Shirt in Deep Teal","Extra Large","2026-06-22","56","2"
"Robes in Black","Laura Robe / Long","2026-06-22","28","6"
"The Cameron Unisex Nursing and Skin to Skin Shirt in Black","Medium","2026-06-22","106","4"
"Robes in Dusty Rose","Laura Robe / Long","2026-06-22","7","4"
"Lila Labor & Postpartum Gown in Charcoal Grey","Charcoal Grey / Full Figure","2026-06-22","14","3"
"Baby Swaddle Set: Black","Hat & Bow","2026-06-22","94","7"
"Amelia Labor & Postpartum Gown in Vintage Floral","Vintage Floral / Curve","2026-06-22","34","0"
"Finley Romper in Emerald","Emerald / 3-6 Months","2026-06-22","68","0"
"The Cameron Unisex Nursing and Skin to Skin Shirt in Plum","Medium","2026-06-22","34","1"
"Amelia Labor & Postpartum Gown in Deep Teal","Deep Teal / Curve","2026-06-22","23","0"
"Amelia Labor & Postpartum Gown in Dusty Rose","Dusty Rose / Slim Petite","2026-06-22","97","6"
"Lila Labor & Postpartum Gown in Emerald","Emerald / Curve","2026-06-22","23","4"
"Finley Romper in Black","Black / Newborn","2026-06-22","77","4"
"The Cameron Unisex Nursing and Skin to Skin Shirt in Deep Teal","2XL","2026-06-22","37","2"
"Finley Romper in Plum","Plum / 3-6 Months","2026-06-22","-1","0"
"Amelia Labor & Postpartum Gown in Dusty Rose","Dusty Rose / Standard","2026-06-22","87","14"
"Lila Labor & Postpartum Gown in Periwinkle Blue","Periwinkle / Slim Petite","2026-06-22","68","14"
"The Cameron Unisex Nursing and Skin to Skin Shirt in Emerald","2XL","2026-06-22","41","0"
"Lila Labor & Postpartum Gown in Black","Black / Standard","2026-06-22","260","59"
"Amelia Labor & Postpartum Gown in Plum","Plum / Slim Petite","2026-06-22","43","2"
"Lila Labor & Postpartum Gown in Mocha","Mocha / Curve","2026-06-22","56","3"
"Amelia Labor & Postpartum Gown in Vintage Floral","Vintage Floral / Petite","2026-06-22","1","1"
"Amelia Labor & Postpartum Gown in Charcoal Grey","Charcoal Grey / Petite","2026-06-22","60","1"
"The Cameron Unisex Nursing and Skin to Skin Shirt in Midnight Blue","Small","2026-06-22","58","0"
"Amelia Labor & Postpartum Gown in Periwinkle","Periwinkle / Standard","2026-06-22","6","1"
"Finley Romper in Emerald","Emerald / 6-9 Months","2026-06-22","18","0"
"Robes in Lilac","Mia Robe / Short","2026-06-22","40","0"
"Finley Romper in Vintage Floral","Vintage Floral / 9-12 Months","2026-06-22","5","0"
"Amelia Labor & Postpartum Gown in Sage","Sage / Petite","2026-06-22","43","0"
"Finley Romper in Black","Black / 6-9 Months","2026-06-22","3","0"
"Finley Romper in Dusty Rose","Dusty Rose / 3-6 Months","2026-06-22","99","0"
"Lila Labor & Postpartum Gown in Sage","Sage / Curve","2026-06-22","88","0"
"Lila Labor & Postpartum Gown in Mocha","Mocha / Standard","2026-06-22","33","11"
"Finley Romper in Dusty Rose","Dusty Rose / 9-12 Months","2026-06-22","24","0"
"Amelia Labor & Postpartum Gown in Vintage Floral","Vintage Floral / Full Figure","2026-06-22","30","0"
"The Cameron Unisex Nursing and Skin to Skin Shirt in Sage","Small","2026-06-22","42","0"
"Amelia Labor & Postpartum Gown in Emerald","Emerald / Curve","2026-06-22","55","0"
"Amelia Labor & Postpartum Gown Lilac","Standard","2026-06-22","-1","1"
"The Cameron Unisex Nursing and Skin to Skin Shirt in Midnight Blue","2XL","2026-06-22","-2","0"
"Finley Romper in Midnight Blue","Midnight Blue / 3-6 Months","2026-06-22","-2","0"
"Lila Labor & Postpartum Gown in Emerald","Emerald / Full Figure","2026-06-22","72","3"
"Lila Labor & Postpartum Gown in Deep Teal","Deep Teal / Slim Petite","2026-06-22","143","4"
"The Cameron Unisex Nursing and Skin to Skin Shirt in Plum","Large","2026-06-22","54","0"
"Finley Romper in Deep Teal","Deep Teal / 6-9 Months","2026-06-22","17","0"
"Robes in Emerald","Laura Robe / Long","2026-06-22","1","0"
"Robes in Periwinkle","Laura Robe / Long","2026-06-22","67","3"
"The Cameron Unisex Nursing and Skin to Skin Shirt in Midnight Blue","Extra Large","2026-06-22","0","0"
"Lila Labor & Postpartum Gown in Lilac","Lilac / Curve","2026-06-22","54","2"
"Lila Labor & Postpartum Gown in Black","Black / Full Figure","2026-06-22","351","29"
"Robes in Plum","Mia Robe / Short","2026-06-22","1","2"
"Lila Labor & Postpartum Gown in Periwinkle Blue","Periwinkle / Full Figure","2026-06-22","149","10"
"The Cameron Unisex Nursing and Skin to Skin Shirt in Emerald","Medium","2026-06-22","41","2"
"Amelia Labor & Postpartum Gown in Black","Black / Full Figure","2026-06-22","92","7"
"The Cameron Unisex Nursing and Skin to Skin Shirt in Midnight Blue","Medium","2026-06-22","29","3"
"Baby Swaddle Set: Vintage Floral","Hat & Bow","2026-06-22","-5","0"
"Lila Labor & Postpartum Gown in Periwinkle Blue","Periwinkle / Standard","2026-06-22","189","51"
"Robes in Black","Mia Robe / Short","2026-06-22","-2","0"
"Amelia Labor & Postpartum Gown in Dusty Rose","Dusty Rose / Full Figure","2026-06-22","156","10"
"Robes in Plum","Laura Robe / Long","2026-06-22","1","0"
"Amelia Labor & Postpartum Gown in Mocha","Mocha / Curve","2026-06-22","30","0"
"Amelia Labor & Postpartum Gown in Midnight Blue","Midnight Blue / Curve","2026-06-22","64","1"
"The Cameron Unisex Nursing and Skin to Skin Shirt in Black","Small","2026-06-22","17","1"
"Lila Labor & Postpartum Gown in Black","Black / Curve","2026-06-22","149","13"
"Amelia Labor & Postpartum Gown in Deep Teal","Deep Teal / Slim Petite","2026-06-22","37","2"
"Finley Romper in Plum","Plum / 6-9 Months","2026-06-22","112","0"
"Amelia Labor & Postpartum Gown in Plum","Plum / Full Figure","2026-06-22","78","1"
"Lila Labor & Postpartum Gown in Emerald","Emerald / Slim Petite","2026-06-22","58","0"
"Lila Labor & Postpartum Gown in Dusty Rose","Dusty Rose / Slim Petite","2026-06-22","45","13"
"The Cameron Unisex Nursing and Skin to Skin Shirt in Plum","Extra Large","2026-06-22","45","1"
"Lila Labor & Postpartum Gown in Vintage Floral","Vintage Floral / Curve","2026-06-22","26","7"
"Amelia Labor & Postpartum Gown Lilac","Curve","2026-06-22","53","1"
"The Cameron Unisex Nursing and Skin to Skin Shirt in Midnight Blue","Large","2026-06-22","0","0"
"Amelia Labor & Postpartum Gown in Black","Black / Curve","2026-06-22","100","1"
"Lila Labor & Postpartum Gown in Lilac","Lilac / Full Figure","2026-06-22","93","4"
"The Cameron Unisex Nursing and Skin to Skin Shirt in Plum","2XL","2026-06-22","43","0"
"Lila Labor & Postpartum Gown in Sage","Sage / Petite","2026-06-22","0","0"
"Baby Swaddle Set: Lilac","Hat & Bow","2026-06-22","144","0"
"Finley Romper in Sage","Sage / 3-6 Months","2026-06-22","4","0"
"Finley Romper in Vintage Floral","Vintage Floral / 18-24 Months","2026-06-22","15","0"
"Lila Labor & Postpartum Gown in Plum","Plum / Standard","2026-06-22","193","28"
"Finley Romper in Periwinkle","Periwinkle / 3-6 Months","2026-06-22","28","0"
"Robes in Vintage Floral","Mia Robe / Short","2026-06-22","-2","0"
"The Cameron Unisex Nursing and Skin to Skin Shirt in Sage","2XL","2026-06-22","59","2"
"The Cameron Unisex Nursing and Skin to Skin Shirt in Black","2XL","2026-06-22","12","4"
"Robes in Emerald","Mia Robe / Short","2026-06-22","60","2"
"Finley Romper in Lilac","Lilac / 6-9 Months","2026-06-22","18","0"
"Amelia Labor & Postpartum Gown in Mocha","Mocha / Slim Petite","2026-06-22","30","0"
"Lila Labor & Postpartum Gown in Charcoal Grey","Charcoal Grey / Standard","2026-06-22","41","5"
"Lila Labor & Postpartum Gown in Dusty Rose","Dusty Rose / Curve","2026-06-22","61","8"
"Lila Labor & Postpartum Gown in Vintage Floral","Vintage Floral / Full Figure","2026-06-22","209","12"
"Robes in Vintage Floral","Laura Robe / Long","2026-06-22","-1","0"
"Amelia Labor & Postpartum Gown in Plum","Plum / Standard","2026-06-22","5","9"
"Lila Labor & Postpartum Gown in Charcoal Grey","Charcoal Grey / Curve","2026-06-22","27","0"
"Amelia Labor & Postpartum Gown in Sage","Sage / Curve","2026-06-22","22","1"
"Amelia Labor & Postpartum Gown in Periwinkle","Periwinkle / Full Figure","2026-06-22","94","0"
"Lila Labor & Postpartum Gown in Midnight Blue","Midnight Blue / Curve","2026-06-22","67","7"
"The Cameron Unisex Nursing and Skin to Skin Shirt in Emerald","Large","2026-06-22","22","2"
"Lila Labor & Postpartum Gown in Vintage Floral","Vintage Floral / Standard","2026-06-22","226","32"
"Finley Romper in Midnight Blue","Midnight Blue / 12-16 Months","2026-06-22","20","0"
"Lila Labor & Postpartum Gown in Lilac","Lilac / Standard","2026-06-22","74","23"
"Lila Labor & Postpartum Gown in Midnight Blue","Midnight Blue / Full Figure","2026-06-22","149","16"
"Finley Romper in Vintage Floral","Vintage Floral / 6-9 Months","2026-06-22","6","0"
"Lila Labor & Postpartum Gown in Deep Teal","Deep Teal / Curve","2026-06-22","176","3"
"Robes in Lilac","Laura Robe / Long","2026-06-22","40","3"
"Lila Labor & Postpartum Gown in Sage","Sage / Full Figure","2026-06-22","135","7"
"The Cameron Unisex Nursing and Skin to Skin Shirt in Sage","Extra Large","2026-06-22","50","3"
"Lila Labor & Postpartum Gown in Deep Teal","Deep Teal / Full Figure","2026-06-22","291","13"
"Baby Swaddle Set: Sage","Hat & Bow","2026-06-22","-5","0"
"Amelia Labor & Postpartum Gown in Vintage Floral","Vintage Floral / Standard","2026-06-22","82","2"
"Finley Romper in Periwinkle","Periwinkle / 6-9 Months","2026-06-22","44","0"
"Finley Romper in Midnight Blue","Midnight Blue / 16-24 Months","2026-06-22","25","0"
"Finley Romper in Periwinkle","Periwinkle / 18-24 Months","2026-06-22","19","0"
"Finley Romper in Sage","Sage / 6-9 Months","2026-06-22","14","0"
"Finley Romper in Vintage Floral","Vintage Floral / 3-6 Months","2026-06-22","11","0"
"Finley Romper in Deep Teal","Deep Teal / 3-6 Months","2026-06-22","0","0"
"Lila Labor & Postpartum Gown in Dusty Rose","Dusty Rose / Full Figure","2026-06-22","114","19"
"Finley Romper in Midnight Blue","Midnight Blue / 9-12 Months","2026-06-22","31","0"
"The Cameron Unisex Nursing and Skin to Skin Shirt in Sage","Medium","2026-06-22","36","1"
"Robes in Deep Teal","Laura Robe / Long","2026-06-22","19","8"
"Finley Romper in Black","Black / 9-12 Months","2026-06-22","60","0"
"Finley Romper in Periwinkle","Periwinkle / 9-12 Months","2026-06-22","20","0"
"Robes in Sage","Laura Robe / Long","2026-06-22","22","4"
"Finley Romper in Vintage Floral","Vintage Floral / 12-18 Months","2026-06-22","10","0"
"Baby Swaddle Set: Midnight Blue","Hat & Bow","2026-06-22","3","4"
"Amelia Labor & Postpartum Gown in Black","Black / Standard","2026-06-22","104","6"
"Lila Labor & Postpartum Gown in Plum","Plum / Full Figure","2026-06-22","122","12"
"Lila Labor & Postpartum Gown in Black","Black / Slim Petite","2026-06-22","428","26"
"Finley Romper in Emerald","Emerald / Newborn","2026-06-22","-6","1"
"Amelia Labor & Postpartum Gown in Emerald","Emerald / Full Figure","2026-06-22","84","0"
"TENS Unit for Labor","Default Title","2026-06-22","1571","135"
"Finley Romper in Emerald","Emerald / 9-12 Months","2026-06-22","82","0"
"Finley Romper in Midnight Blue","Midnight Blue / 6-9 Months","2026-06-22","22","0"
"Amelia Labor & Postpartum Gown in Midnight Blue","Midnight Blue / Standard","2026-06-22","35","7"
"Amelia Labor & Postpartum Gown in Charcoal Grey","Charcoal Grey / Curve","2026-06-22","70","1"
"The Cameron Unisex Nursing and Skin to Skin Shirt in Sage","Large","2026-06-22","51","4"
"Amelia Labor & Postpartum Gown Lilac","Full Figure","2026-06-22","42","0"
"Lila Labor & Postpartum Gown in Charcoal Grey","Charcoal Grey / Petite","2026-06-22","28","1"
"Finley Romper in Black","Black / 18-24 Months","2026-06-22","83","0"
"Robes in Midnight Blue","Mia Robe / Short","2026-06-22","74","1"
"Lila Labor & Postpartum Gown in Midnight Blue","Midnight Blue / Standard","2026-06-22","90","49"
"Finley Romper in Deep Teal","Deep Teal / 9-12 Months","2026-06-22","64","0"
"Lila Labor & Postpartum Gown in Lilac","Lilac / Slim Petite","2026-06-22","17","8"
"Lila Labor & Postpartum Gown in Plum","Plum / Slim Petite","2026-06-22","59","11"
"Lila Labor & Postpartum Gown in Mocha","Mocha / Full Figure","2026-06-22","49","8"
"Robes in Dusty Rose","Mia Robe / Short","2026-06-22","29","1"
"Lila Labor & Postpartum Gown in Midnight Blue","Midnight Blue / Slim Petite","2026-06-22","57","15"
"The Cameron Unisex Nursing and Skin to Skin Shirt in Deep Teal","Medium","2026-06-22","23","0"
"Amelia Labor & Postpartum Gown in Dusty Rose","Dusty Rose / Curve","2026-06-22","65","6"
"Amelia Labor & Postpartum Gown in Midnight Blue","Midnight Blue / Slim Petite","2026-06-22","48","0"
"Lila Labor & Postpartum Gown in Sage","Sage / Standard","2026-06-22","211","20"
"Baby Swaddle Set: Dusty Rose","Hat & Bow","2026-06-22","-2","0"
"Finley Romper in Black","Black / 3-6 Months","2026-06-22","58","0"
"The Cameron Unisex Nursing and Skin to Skin Shirt in Emerald","Extra Large","2026-06-22","43","0"
"Finley Romper in Plum","Plum / Newborn","2026-06-22","62","0"
"Baby Swaddle Set: Periwinkle","Hat & Bow","2026-06-22","2","1"
"Baby Swaddle Set: Plum","Hat & Bow","2026-06-22","-2","0"
"Amelia Labor & Postpartum Gown in Black","Black / Slim Petite","2026-06-22","109","3"
"The Cameron Unisex Nursing and Skin to Skin Shirt in Deep Teal","Large","2026-06-22","40","6"
"Lila Labor & Postpartum Gown in Mocha","Mocha / Slim Petite","2026-06-22","15","6"
"Lila Labor & Postpartum Gown in Emerald","Emerald / Standard","2026-06-22","109","13"
"Robes in Deep Teal","Mia Robe / Short","2026-06-22","16","2"
"Finley Romper in Emerald","Emerald / 18-24 Months","2026-06-22","3","0"
"Finley Romper in Dusty Rose","Dusty Rose / Newborn","2026-06-22","24","0"
"Finley Romper in Deep Teal","Deep Teal / Newborn","2026-06-22","102","7"
"Finley Romper in Deep Teal","Deep Teal / 12-16 Months","2026-06-22","64","0"
"Finley Romper in Periwinkle","Periwinkle / Newborn","2026-06-22","-1","0"
"Robes in Periwinkle","Mia Robe / Short","2026-06-22","19","4"
"Baby Swaddle Set: Deep Teal","Hat & Bow","2026-06-22","-2","0"
"Amelia Labor & Postpartum Gown in Sage","Sage / Standard","2026-06-22","92","0"
"Amelia Labor & Postpartum Gown in Sage","Sage / Full Figure","2026-06-22","41","1"
"The Cameron Unisex Nursing and Skin to Skin Shirt in Black","Large","2026-06-22","11","3"
"The Cameron Unisex Nursing and Skin to Skin Shirt in Plum","Small","2026-06-22","36","0"
"Baby Swaddle Set: Emerald","Hat & Bow","2026-06-22","-3","0"
"Finley Romper in Vintage Floral","Vintage Floral / Newborn","2026-06-22","2","10"
"Finley Romper in Black","Black / 12-18 Months","2026-06-22","40","0"
"Amelia Labor & Postpartum Gown in Midnight Blue","Midnight Blue / Full Figure","2026-06-22","31","0"
"The Cameron Unisex Nursing and Skin to Skin Shirt in Black","Extra Large","2026-06-22","118","3"
"Robes in Midnight Blue","Laura Robe / Long","2026-06-22","47","4"
"Amelia Labor & Postpartum Gown in Charcoal Grey","Charcoal Grey / Full Figure","2026-06-22","61","0"
"The Cameron Unisex Nursing and Skin to Skin Shirt in Deep Teal","Small","2026-06-22","58","0"
"Amelia Labor & Postpartum Gown in Plum","Plum / Curve","2026-06-22","37","2"
"Amelia Labor & Postpartum Gown in Charcoal Grey","Charcoal Grey / Standard","2026-06-22","60","0"
"Amelia Labor & Postpartum Gown in Deep Teal","Deep Teal / Full Figure","2026-06-22","84","1"
"Finley Romper in Sage","Sage / Newborn","2026-06-22","0","0"
"Lila Labor & Postpartum Gown in Plum","Plum / Standard","2026-06-29","165","29"
"Baby Swaddle Set: Sage","Hat & Bow","2026-06-29","2","7"
"Finley Romper in Plum","Plum / Newborn","2026-06-29","62","0"
"The Cameron Unisex Nursing and Skin to Skin Shirt in Emerald","Small","2026-06-29","37","0"
"Amelia Labor & Postpartum Gown in Emerald","Emerald / Standard","2026-06-29","79","1"
"Amelia Labor & Postpartum Gown in Emerald","Emerald / Full Figure","2026-06-29","84","0"
"TENS Unit for Labor","Default Title","2026-06-29","1409","169"
"Finley Romper in Plum","Plum / 6-9 Months","2026-06-29","112","0"
"Finley Romper in Periwinkle","Periwinkle / 6-9 Months","2026-06-29","44","0"
"Lila Labor & Postpartum Gown in Lilac","Lilac / Curve","2026-06-29","53","1"
"Finley Romper in Dusty Rose","Dusty Rose / 6-9 Months","2026-06-29","31","0"
"Finley Romper in Black","Black / Newborn","2026-06-29","74","3"
"Amelia Labor & Postpartum Gown in Black","Black / Full Figure","2026-06-29","86","6"
"Lila Labor & Postpartum Gown in Periwinkle Blue","Periwinkle / Full Figure","2026-06-29","138","11"
"Lila Labor & Postpartum Gown in Periwinkle Blue","Periwinkle / Slim Petite","2026-06-29","53","15"
"Amelia Labor & Postpartum Gown in Midnight Blue","Midnight Blue / Curve","2026-06-29","62","2"
"Amelia Labor & Postpartum Gown in Mocha","Mocha / Curve","2026-06-29","30","0"
"The Cameron Unisex Nursing and Skin to Skin Shirt in Plum","2XL","2026-06-29","43","0"
"Lila Labor & Postpartum Gown in Dusty Rose","Dusty Rose / Curve","2026-06-29","56","5"
"Lila Labor & Postpartum Gown in Vintage Floral","Vintage Floral / Full Figure","2026-06-29","198","11"
"Robes in Vintage Floral","Laura Robe / Long","2026-06-29","-1","0"
"Amelia Labor & Postpartum Gown in Plum","Plum / Standard","2026-06-29","-1","6"
"Amelia Labor & Postpartum Gown in Charcoal Grey","Charcoal Grey / Full Figure","2026-06-29","59","2"
"Robes in Plum","Laura Robe / Long","2026-06-29","1","0"
"Lila Labor & Postpartum Gown in Emerald","Emerald / Curve","2026-06-29","19","4"
"Finley Romper in Sage","Sage / 3-6 Months","2026-06-29","3","1"
"The Cameron Unisex Nursing and Skin to Skin Shirt in Deep Teal","Large","2026-06-29","36","4"
"Lila Labor & Postpartum Gown in Charcoal Grey","Charcoal Grey / Petite","2026-06-29","26","2"
"The Cameron Unisex Nursing and Skin to Skin Shirt in Midnight Blue","2XL","2026-06-29","-2","0"
"Amelia Labor & Postpartum Gown Lilac","Standard","2026-06-29","-1","0"
"Amelia Labor & Postpartum Gown in Charcoal Grey","Charcoal Grey / Petite","2026-06-29","60","0"
"The Cameron Unisex Nursing and Skin to Skin Shirt in Plum","Extra Large","2026-06-29","45","0"
"Finley Romper in Sage","Sage / Newborn","2026-06-29","0","0"
"Robes in Dusty Rose","Mia Robe / Short","2026-06-29","43","0"
"The Cameron Unisex Nursing and Skin to Skin Shirt in Midnight Blue","Medium","2026-06-29","25","4"
"Robes in Emerald","Mia Robe / Short","2026-06-29","68","3"
"Finley Romper in Lilac","Lilac / 6-9 Months","2026-06-29","18","0"
"The Cameron Unisex Nursing and Skin to Skin Shirt in Black","Medium","2026-06-29","105","1"
"Amelia Labor & Postpartum Gown in Mocha","Mocha / Standard","2026-06-29","25","0"
"Baby Swaddle Set: Plum","Bow","2026-06-29","0","0"
"Amelia Labor & Postpartum Gown in Vintage Floral","Vintage Floral / Petite","2026-06-29","1","0"
"Amelia Labor & Postpartum Gown Lilac","Curve","2026-06-29","54","0"
"Robes in Sage","Laura Robe / Long","2026-06-29","18","4"
"Finley Romper in Periwinkle","Periwinkle / 9-12 Months","2026-06-29","20","0"
"Finley Romper in Vintage Floral","Vintage Floral / 12-18 Months","2026-06-29","10","0"
"Lila Labor & Postpartum Gown in Dusty Rose","Dusty Rose / Standard","2026-06-29","10","23"
"Amelia Labor & Postpartum Gown in Midnight Blue","Midnight Blue / Slim Petite","2026-06-29","44","4"
"Baby Swaddle Set: Dusty Rose","Hat & Bow","2026-06-29","-2","0"
"Amelia Labor & Postpartum Gown in Black","Black / Standard","2026-06-29","96","8"
"Amelia Labor & Postpartum Gown in Mocha","Mocha / Full Figure","2026-06-29","18","0"
"Finley Romper in Emerald","Emerald / Newborn","2026-06-29","-6","0"
"Finley Romper in Sage","Sage / 6-9 Months","2026-06-29","14","0"
"Robes in Emerald","Laura Robe / Long","2026-06-29","38","0"
"The Cameron Unisex Nursing and Skin to Skin Shirt in Emerald","Extra Large","2026-06-29","42","1"
"Lila Labor & Postpartum Gown in Sage","Sage / Petite","2026-06-29","0","0"
"Lila Labor & Postpartum Gown in Charcoal Grey","Charcoal Grey / Full Figure","2026-06-29","12","2"
"Amelia Labor & Postpartum Gown in Mocha","Mocha / Slim Petite","2026-06-29","30","0"
"Amelia Labor & Postpartum Gown in Deep Teal","Deep Teal / Slim Petite","2026-06-29","36","2"
"Lila Labor & Postpartum Gown in Emerald","Emerald / Standard","2026-06-29","103","6"
"Amelia Labor & Postpartum Gown in Vintage Floral","Vintage Floral / Full Figure","2026-06-29","28","2"
"Amelia Labor & Postpartum Gown in Sage","Sage / Petite","2026-06-29","41","2"
"Baby Swaddle Set: Black","Hat & Bow","2026-06-29","88","6"
"Finley Romper in Vintage Floral","Vintage Floral / 9-12 Months","2026-06-29","5","0"
"Finley Romper in Emerald","Emerald / 18-24 Months","2026-06-29","3","0"
"Baby Swaddle Set: Periwinkle","Hat & Bow","2026-06-29","0","2"
"Finley Romper in Dusty Rose","Dusty Rose / 3-6 Months","2026-06-29","99","0"
"Finley Romper in Black","Black / 6-9 Months","2026-06-29","3","0"
"Finley Romper in Vintage Floral","Vintage Floral / 3-6 Months","2026-06-29","10","1"
"Finley Romper in Deep Teal","Deep Teal / 3-6 Months","2026-06-29","0","0"
"Amelia Labor & Postpartum Gown in Emerald","Emerald / Petite","2026-06-29","65","1"
"The Cameron Unisex Nursing and Skin to Skin Shirt in Sage","Extra Large","2026-06-29","48","2"
"Lila Labor & Postpartum Gown in Deep Teal","Deep Teal / Full Figure","2026-06-29","282","9"
"Amelia Labor & Postpartum Gown in Vintage Floral","Vintage Floral / Curve","2026-06-29","33","1"
"Finley Romper in Emerald","Emerald / 3-6 Months","2026-06-29","67","1"
"The Cameron Unisex Nursing and Skin to Skin Shirt in Plum","Medium","2026-06-29","33","1"
"Baby Swaddle Set: Midnight Blue","Hat & Bow","2026-06-29","-3","6"
"Finley Romper in Lilac","Lilac / 3-6 Months","2026-06-29","31","0"
"The Cameron Unisex Nursing and Skin to Skin Shirt in Midnight Blue","Large","2026-06-29","0","0"
"Lila Labor & Postpartum Gown in Plum","Plum / Curve","2026-06-29","52","11"
"Lila Labor & Postpartum Gown in Sage","Sage / Slim Petite","2026-06-29","129","9"
"Finley Romper in Vintage Floral","Vintage Floral / Newborn","2026-06-29","1","1"
"The Cameron Unisex Nursing and Skin to Skin Shirt in Deep Teal","Small","2026-06-29","58","0"
"Lila Labor & Postpartum Gown in Emerald","Emerald / Slim Petite","2026-06-29","52","6"
"Robes in Black","Laura Robe / Long","2026-06-29","33","8"
"Finley Romper in Midnight Blue","Midnight Blue / Newborn","2026-06-29","-4","0"
"Robes in Deep Teal","Mia Robe / Short","2026-06-29","26","3"
"Lila Labor & Postpartum Gown in Mocha","Mocha / Standard","2026-06-29","21","13"
"Amelia Labor & Postpartum Gown in Sage","Sage / Curve","2026-06-29","22","0"
"Amelia Labor & Postpartum Gown in Periwinkle","Periwinkle / Full Figure","2026-06-29","91","3"
"Robes in Black","Mia Robe / Short","2026-06-29","-2","0"
"Lila Labor & Postpartum Gown in Periwinkle Blue","Periwinkle / Standard","2026-06-29","147","45"
"Amelia Labor & Postpartum Gown in Dusty Rose","Dusty Rose / Full Figure","2026-06-29","148","8"
"Robes in Plum","Mia Robe / Short","2026-06-29","0","1"
"Finley Romper in Emerald","Emerald / 9-12 Months","2026-06-29","82","0"
"Amelia Labor & Postpartum Gown in Periwinkle","Periwinkle / Curve","2026-06-29","45","0"
"The Cameron Unisex Nursing and Skin to Skin Shirt in Black","Extra Large","2026-06-29","117","1"
"Robes in Midnight Blue","Laura Robe / Long","2026-06-29","47","0"
"Lila Labor & Postpartum Gown in Dusty Rose","Dusty Rose / Full Figure","2026-06-29","100","14"
"Finley Romper in Midnight Blue","Midnight Blue / 12-16 Months","2026-06-29","20","0"
"Robes in Dusty Rose","Laura Robe / Long","2026-06-29","22","6"
"Finley Romper in Midnight Blue","Midnight Blue / 16-24 Months","2026-06-29","25","0"
"Robes in Midnight Blue","Mia Robe / Short","2026-06-29","71","3"
"Lila Labor & Postpartum Gown in Midnight Blue","Midnight Blue / Standard","2026-06-29","39","51"
"Finley Romper in Deep Teal","Deep Teal / 9-12 Months","2026-06-29","64","0"
"Amelia Labor & Postpartum Gown in Plum","Plum / Curve","2026-06-29","33","4"
"Amelia Labor & Postpartum Gown in Charcoal Grey","Charcoal Grey / Standard","2026-06-29","60","0"
"Amelia Labor & Postpartum Gown in Deep Teal","Deep Teal / Full Figure","2026-06-29","83","1"
"Finley Romper in Lilac","Lilac / Newborn","2026-06-29","17","0"
"Amelia Labor & Postpartum Gown in Dusty Rose","Dusty Rose / Slim Petite","2026-06-29","92","5"
"The Cameron Unisex Nursing and Skin to Skin Shirt in Midnight Blue","Small","2026-06-29","57","1"
"Finley Romper in Vintage Floral","Vintage Floral / 18-24 Months","2026-06-29","15","0"
"The Cameron Unisex Nursing and Skin to Skin Shirt in Black","Small","2026-06-29","17","0"
"Finley Romper in Dusty Rose","Dusty Rose / 9-12 Months","2026-06-29","23","0"
"Robes in Sage","Mia Robe / Short","2026-06-29","52","3"
"Lila Labor & Postpartum Gown in Periwinkle Blue","Periwinkle / Curve","2026-06-29","115","5"
"Lila Labor & Postpartum Gown in Deep Teal","Deep Teal / Standard","2026-06-29","382","21"
"Baby Swaddle Set: Emerald","Hat & Bow","2026-06-29","-4","1"
"The Cameron Unisex Nursing and Skin to Skin Shirt in Plum","Small","2026-06-29","36","0"
"The Cameron Unisex Nursing and Skin to Skin Shirt in Emerald","Medium","2026-06-29","40","1"
"Finley Romper in Black","Black / 9-12 Months","2026-06-29","60","0"
"Amelia Labor & Postpartum Gown in Midnight Blue","Midnight Blue / Full Figure","2026-06-29","29","2"
"Lila Labor & Postpartum Gown in Lilac","Lilac / Slim Petite","2026-06-29","14","3"
"Lila Labor & Postpartum Gown in Plum","Plum / Slim Petite","2026-06-29","50","9"
"The Cameron Unisex Nursing and Skin to Skin Shirt in Deep Teal","Medium","2026-06-29","22","2"
"Amelia Labor & Postpartum Gown in Dusty Rose","Dusty Rose / Curve","2026-06-29","61","4"
"The Cameron Unisex Nursing and Skin to Skin Shirt in Plum","Large","2026-06-29","54","0"
"Finley Romper in Deep Teal","Deep Teal / 6-9 Months","2026-06-29","17","0"
"Robes in Deep Teal","Laura Robe / Long","2026-06-29","36","2"
"Finley Romper in Periwinkle","Periwinkle / Newborn","2026-06-29","-1","0"
"Finley Romper in Midnight Blue","Midnight Blue / 3-6 Months","2026-06-29","-2","0"
"Amelia Labor & Postpartum Gown in Plum","Plum / Full Figure","2026-06-29","74","4"
"Baby Swaddle Set: Plum","Hat & Bow","2026-06-29","1","4"
"Amelia Labor & Postpartum Gown in Black","Black / Slim Petite","2026-06-29","108","1"
"Baby Swaddle Set: Deep Teal","Hat & Bow","2026-06-29","-1","0"
"Amelia Labor & Postpartum Gown in Deep Teal","Deep Teal / Standard","2026-06-29","-3","5"
"Lila Labor & Postpartum Gown in Sage","Sage / Curve","2026-06-29","86","2"
"Lila Labor & Postpartum Gown in Black","Black / Standard","2026-06-29","210","52"
"Finley Romper in Deep Teal","Deep Teal / Newborn","2026-06-29","95","7"
"Finley Romper in Dusty Rose","Dusty Rose / Newborn","2026-06-29","23","1"
"Finley Romper in Deep Teal","Deep Teal / 12-16 Months","2026-06-29","64","0"
"Amelia Labor & Postpartum Gown in Vintage Floral","Vintage Floral / Standard","2026-06-29","79","4"
"Lila Labor & Postpartum Gown in Mocha","Mocha / Curve","2026-06-29","53","3"
"Finley Romper in Black","Black / 18-24 Months","2026-06-29","83","0"
"Baby Swaddle Set: Lilac","Hat & Bow","2026-06-29","141","3"
"Lila Labor & Postpartum Gown in Midnight Blue","Midnight Blue / Slim Petite","2026-06-29","41","17"
"Lila Labor & Postpartum Gown in Mocha","Mocha / Full Figure","2026-06-29","45","4"
"The Cameron Unisex Nursing and Skin to Skin Shirt in Emerald","Large","2026-06-29","21","1"
"Lila Labor & Postpartum Gown in Vintage Floral","Vintage Floral / Standard","2026-06-29","187","41"
"Finley Romper in Plum","Plum / 3-6 Months","2026-06-29","-1","0"
"Amelia Labor & Postpartum Gown in Dusty Rose","Dusty Rose / Standard","2026-06-29","77","10"
"Amelia Labor & Postpartum Gown in Periwinkle","Periwinkle / Slim Petite","2026-06-29","0","0"
"Lila Labor & Postpartum Gown in Charcoal Grey","Charcoal Grey / Curve","2026-06-29","26","1"
"Robes in Periwinkle","Laura Robe / Long","2026-06-29","66","1"
"Lila Labor & Postpartum Gown in Midnight Blue","Midnight Blue / Curve","2026-06-29","61","7"
"The Cameron Unisex Nursing and Skin to Skin Shirt in Midnight Blue","Extra Large","2026-06-29","0","0"
"Amelia Labor & Postpartum Gown in Plum","Plum / Slim Petite","2026-06-29","41","2"
"Finley Romper in Periwinkle","Periwinkle / 12-18 Months","2026-06-29","19","0"
"Lila Labor & Postpartum Gown in Mocha","Mocha / Slim Petite","2026-06-29","10","5"
"Amelia Labor & Postpartum Gown in Black","Black / Curve","2026-06-29","94","6"
"Lila Labor & Postpartum Gown in Lilac","Lilac / Full Figure","2026-06-29","84","9"
"Amelia Labor & Postpartum Gown in Deep Teal","Deep Teal / Curve","2026-06-29","20","3"
"Lila Labor & Postpartum Gown in Plum","Plum / Full Figure","2026-06-29","104","18"
"Lila Labor & Postpartum Gown in Black","Black / Slim Petite","2026-06-29","414","15"
"The Cameron Unisex Nursing and Skin to Skin Shirt in Black","2XL","2026-06-29","10","2"
"Finley Romper in Periwinkle","Periwinkle / 3-6 Months","2026-06-29","28","0"
"Robes in Vintage Floral","Mia Robe / Short","2026-06-29","-2","0"
"Finley Romper in Vintage Floral","Vintage Floral / 6-9 Months","2026-06-29","6","0"
"Lila Labor & Postpartum Gown in Deep Teal","Deep Teal / Curve","2026-06-29","174","2"
"Finley Romper in Midnight Blue","Midnight Blue / 9-12 Months","2026-06-29","31","0"
"The Cameron Unisex Nursing and Skin to Skin Shirt in Sage","Medium","2026-06-29","36","1"
"Robes in Lilac","Laura Robe / Long","2026-06-29","43","2"
"Lila Labor & Postpartum Gown in Sage","Sage / Full Figure","2026-06-29","126","9"
"The Cameron Unisex Nursing and Skin to Skin Shirt in Emerald","2XL","2026-06-29","41","0"
"Robes in Periwinkle","Mia Robe / Short","2026-06-29","20","0"
"The Cameron Unisex Nursing and Skin to Skin Shirt in Sage","Small","2026-06-29","42","0"
"Amelia Labor & Postpartum Gown in Emerald","Emerald / Curve","2026-06-29","54","1"
"Finley Romper in Emerald","Emerald / 6-9 Months","2026-06-29","18","0"
"Robes in Lilac","Mia Robe / Short","2026-06-29","59","1"
"Amelia Labor & Postpartum Gown in Periwinkle","Periwinkle / Standard","2026-06-29","4","2"
"Lila Labor & Postpartum Gown in Black","Black / Curve","2026-06-29","136","14"
"Finley Romper in Deep Teal","Deep Teal / 16-24 Months","2026-06-29","63","0"
"Finley Romper in Periwinkle","Periwinkle / 18-24 Months","2026-06-29","19","0"
"Lila Labor & Postpartum Gown in Vintage Floral","Vintage Floral / Slim Petite","2026-06-29","7","7"
"Amelia Labor & Postpartum Gown Lilac","Slim Petite","2026-06-29","42","1"
"Amelia Labor & Postpartum Gown in Sage","Sage / Standard","2026-06-29","90","2"
"Amelia Labor & Postpartum Gown in Sage","Sage / Full Figure","2026-06-29","41","0"
"The Cameron Unisex Nursing and Skin to Skin Shirt in Black","Large","2026-06-29","6","5"
"Lila Labor & Postpartum Gown in Vintage Floral","Vintage Floral / Curve","2026-06-29","20","6"
"Lila Labor & Postpartum Gown in Charcoal Grey","Charcoal Grey / Standard","2026-06-29","34","8"
"Lila Labor & Postpartum Gown in Sage","Sage / Standard","2026-06-29","188","25"
"The Cameron Unisex Nursing and Skin to Skin Shirt in Sage","Large","2026-06-29","48","3"
"Amelia Labor & Postpartum Gown Lilac","Full Figure","2026-06-29","39","3"
"Baby Swaddle Set: Vintage Floral","Hat & Bow","2026-06-29","10","13"
"Lila Labor & Postpartum Gown in Emerald","Emerald / Full Figure","2026-06-29","66","6"
"Lila Labor & Postpartum Gown in Deep Teal","Deep Teal / Slim Petite","2026-06-29","140","4"
"Lila Labor & Postpartum Gown in Lilac","Lilac / Standard","2026-06-29","47","27"
"Lila Labor & Postpartum Gown in Midnight Blue","Midnight Blue / Full Figure","2026-06-29","130","19"
"Finley Romper in Black","Black / 3-6 Months","2026-06-29","58","0"
"Lila Labor & Postpartum Gown in Black","Black / Full Figure","2026-06-29","323","29"
"Finley Romper in Black","Black / 12-18 Months","2026-06-29","40","0"
"The Cameron Unisex Nursing and Skin to Skin Shirt in Deep Teal","Extra Large","2026-06-29","56","0"
"The Cameron Unisex Nursing and Skin to Skin Shirt in Deep Teal","2XL","2026-06-29","32","5"
"The Cameron Unisex Nursing and Skin to Skin Shirt in Sage","2XL","2026-06-29","58","1"
"Lila Labor & Postpartum Gown in Dusty Rose","Dusty Rose / Slim Petite","2026-06-29","29","17"
"Finley Romper in Midnight Blue","Midnight Blue / 6-9 Months","2026-06-29","22","0"
"Amelia Labor & Postpartum Gown in Midnight Blue","Midnight Blue / Standard","2026-06-29","31","4"
"Amelia Labor & Postpartum Gown in Charcoal Grey","Charcoal Grey / Curve","2026-06-29","70","0"
"Lila Labor & Postpartum Gown in Sage","Sage / Curve","2026-07-06","83","3"
"The Cameron Unisex Nursing and Skin to Skin Shirt in Plum","Extra Large","2026-07-06","45","0"
"Finley Romper in Plum","Plum / Newborn","2026-07-06","60","2"
"Lila Labor & Postpartum Gown in Lilac","Lilac / Curve","2026-07-06","48","6"
"Lila Labor & Postpartum Gown in Emerald","Emerald / Slim Petite","2026-07-06","48","4"
"Baby Swaddle Set: Deep Teal","Hat & Bow","2026-07-06","1","0"
"The Cameron Unisex Nursing and Skin to Skin Shirt in Deep Teal","Medium","2026-07-06","21","2"
"Amelia Labor & Postpartum Gown in Dusty Rose","Dusty Rose / Curve","2026-07-06","84","7"
"Lila Labor & Postpartum Gown in Sage","Sage / Slim Petite","2026-07-06","122","7"
"Amelia Labor & Postpartum Gown in Mocha","Mocha / Standard","2026-07-06","55","0"
"Lila Labor & Postpartum Gown in Sage","Sage / Standard","2026-07-06","203","20"
"Lila Labor & Postpartum Gown in Mocha","Mocha / Curve","2026-07-06","51","2"
"Amelia Labor & Postpartum Gown in Plum","Plum / Slim Petite","2026-07-06","40","1"
"The Cameron Unisex Nursing and Skin to Skin Shirt in Black","Medium","2026-07-06","149","1"
"The Cameron Unisex Nursing and Skin to Skin Shirt in Sage","Extra Large","2026-07-06","115","3"
"Lila Labor & Postpartum Gown in Deep Teal","Deep Teal / Full Figure","2026-07-06","275","7"
"Amelia Labor & Postpartum Gown in Midnight Blue","Midnight Blue / Full Figure","2026-07-06","26","3"
"Lila Labor & Postpartum Gown in Periwinkle Blue","Periwinkle / Curve","2026-07-06","110","5"
"Lila Labor & Postpartum Gown in Deep Teal","Deep Teal / Standard","2026-07-06","362","21"
"Robes in Sage","Mia Robe / Short","2026-07-06","54","0"
"Finley Romper in Emerald","Emerald / 9-12 Months","2026-07-06","82","0"
"The Cameron Unisex Nursing and Skin to Skin Shirt in Emerald","Extra Large","2026-07-06","42","0"
"Robes in Periwinkle","Laura Robe / Long","2026-07-06","99","7"
"Robes in Deep Teal","Laura Robe / Long","2026-07-06","69","2"
"The Cameron Unisex Nursing and Skin to Skin Shirt in Midnight Blue","Extra Large","2026-07-06","138","2"
"Amelia Labor & Postpartum Gown in Emerald","Emerald / Full Figure","2026-07-06","83","1"
"The Cameron Unisex Nursing and Skin to Skin Shirt in Deep Teal","Small","2026-07-06","58","0"
"TENS Unit for Labor","Default Title","2026-07-06","1238","176"
"Amelia Labor & Postpartum Gown in Dusty Rose","Dusty Rose / Slim Petite","2026-07-06","120","2"
"The Cameron Unisex Nursing and Skin to Skin Shirt in Black","Small","2026-07-06","16","1"
"Baby Swaddle Set: Sage","Hat & Bow","2026-07-06","2","0"
"Lila Labor & Postpartum Gown in Sage","Sage / Petite","2026-07-06","0","0"
"Lila Labor & Postpartum Gown in Lilac","Lilac / Slim Petite","2026-07-06","5","9"
"Amelia Labor & Postpartum Gown in Vintage Floral","Vintage Floral / Standard","2026-07-06","77","7"
"Baby Swaddle Set: Black","Hat & Bow","2026-07-06","78","10"
"Amelia Labor & Postpartum Gown in Plum","Plum / Standard","2026-07-06","115","14"
"Amelia Labor & Postpartum Gown in Black","Black / Full Figure","2026-07-06","116","5"
"Lila Labor & Postpartum Gown in Vintage Floral","Vintage Floral / Curve","2026-07-06","48","7"
"Finley Romper in Midnight Blue","Midnight Blue / 9-12 Months","2026-07-06","31","0"
"The Cameron Unisex Nursing and Skin to Skin Shirt in Sage","Medium","2026-07-06","164","2"
"Finley Romper in Sage","Sage / 6-9 Months","2026-07-06","14","0"
"Finley Romper in Black","Black / 12-18 Months","2026-07-06","40","0"
"Finley Romper in Dusty Rose","Dusty Rose / 9-12 Months","2026-07-06","23","0"
"Finley Romper in Periwinkle","Periwinkle / 18-24 Months","2026-07-06","19","0"
"The Cameron Unisex Nursing and Skin to Skin Shirt in Sage","2XL","2026-07-06","115","3"
"Amelia Labor & Postpartum Gown in Sage","Sage / Full Figure","2026-07-06","41","0"
"Amelia Labor & Postpartum Gown in Sage","Sage / Standard","2026-07-06","89","1"
"Lila Labor & Postpartum Gown in Charcoal Grey","Charcoal Grey / Petite","2026-07-06","22","4"
"The Cameron Unisex Nursing and Skin to Skin Shirt in Black","Large","2026-07-06","17","4"
"The Cameron Unisex Nursing and Skin to Skin Shirt in Midnight Blue","Small","2026-07-06","56","1"
"Lila Labor & Postpartum Gown in Dusty Rose","Dusty Rose / Standard","2026-07-06","116","31"
"Lila Labor & Postpartum Gown in Mocha","Mocha / Full Figure","2026-07-06","40","5"
"Amelia Labor & Postpartum Gown in Charcoal Grey","Charcoal Grey / Petite","2026-07-06","120","0"
"Robes in Dusty Rose","Mia Robe / Short","2026-07-06","43","1"
"The Cameron Unisex Nursing and Skin to Skin Shirt in Midnight Blue","Large","2026-07-06","139","1"
"Robes in Emerald","Mia Robe / Short","2026-07-06","65","3"
"Finley Romper in Lilac","Lilac / 6-9 Months","2026-07-06","18","0"
"Amelia Labor & Postpartum Gown in Sage","Sage / Petite","2026-07-06","40","1"
"Finley Romper in Vintage Floral","Vintage Floral / Newborn","2026-07-06","0","2"
"Amelia Labor & Postpartum Gown in Periwinkle","Periwinkle / Slim Petite","2026-07-06","0","0"
"Baby Swaddle Set: Lilac","Hat & Bow","2026-07-06","133","8"
"The Cameron Unisex Nursing and Skin to Skin Shirt in Emerald","Large","2026-07-06","20","1"
"Lila Labor & Postpartum Gown in Black","Black / Curve","2026-07-06","155","16"
"Amelia Labor & Postpartum Gown in Black","Black / Curve","2026-07-06","92","2"
"Lila Labor & Postpartum Gown in Lilac","Lilac / Full Figure","2026-07-06","74","10"
"Finley Romper in Lilac","Lilac / 3-6 Months","2026-07-06","31","0"
"Amelia Labor & Postpartum Gown in Charcoal Grey","Charcoal Grey / Full Figure","2026-07-06","119","0"
"Amelia Labor & Postpartum Gown in Emerald","Emerald / Petite","2026-07-06","65","0"
"Amelia Labor & Postpartum Gown in Charcoal Grey","Charcoal Grey / Curve","2026-07-06","129","1"
"Finley Romper in Midnight Blue","Midnight Blue / 6-9 Months","2026-07-06","21","1"
"Amelia Labor & Postpartum Gown in Midnight Blue","Midnight Blue / Standard","2026-07-06","56","5"
"Lila Labor & Postpartum Gown in Emerald","Emerald / Standard","2026-07-06","193","15"
"The Cameron Unisex Nursing and Skin to Skin Shirt in Black","2XL","2026-07-06","68","2"
"Finley Romper in Periwinkle","Periwinkle / 3-6 Months","2026-07-06","28","0"
"Robes in Vintage Floral","Mia Robe / Short","2026-07-06","9","0"
"Finley Romper in Black","Black / Newborn","2026-07-06","72","2"
"Finley Romper in Vintage Floral","Vintage Floral / 6-9 Months","2026-07-06","6","0"
"Lila Labor & Postpartum Gown in Deep Teal","Deep Teal / Curve","2026-07-06","170","4"
"Lila Labor & Postpartum Gown in Midnight Blue","Midnight Blue / Full Figure","2026-07-06","102","29"
"Lila Labor & Postpartum Gown in Lilac","Lilac / Standard","2026-07-06","24","24"
"Lila Labor & Postpartum Gown in Plum","Plum / Full Figure","2026-07-06","93","12"
"Lila Labor & Postpartum Gown in Black","Black / Slim Petite","2026-07-06","405","12"
"The Cameron Unisex Nursing and Skin to Skin Shirt in Sage","Small","2026-07-06","41","1"
"Amelia Labor & Postpartum Gown in Emerald","Emerald / Curve","2026-07-06","53","1"
"Finley Romper in Lilac","Lilac / Newborn","2026-07-06","17","0"
"Baby Swaddle Set: Midnight Blue","Hat & Bow","2026-07-06","-2","0"
"Baby Swaddle Set: Vintage Floral","Hat & Bow","2026-07-06","0","10"
"Finley Romper in Black","Black / 9-12 Months","2026-07-06","60","0"
"Lila Labor & Postpartum Gown in Sage","Sage / Full Figure","2026-07-06","118","9"
"Robes in Lilac","Laura Robe / Long","2026-07-06","76","2"
"Amelia Labor & Postpartum Gown in Deep Teal","Deep Teal / Standard","2026-07-06","26","9"
"Lila Labor & Postpartum Gown in Midnight Blue","Midnight Blue / Slim Petite","2026-07-06","28","13"
"Robes in Lilac","Mia Robe / Short","2026-07-06","94","0"
"Finley Romper in Emerald","Emerald / 6-9 Months","2026-07-06","17","1"
"Amelia Labor & Postpartum Gown in Periwinkle","Periwinkle / Standard","2026-07-06","54","5"
"The Cameron Unisex Nursing and Skin to Skin Shirt in Midnight Blue","2XL","2026-07-06","58","1"
"Amelia Labor & Postpartum Gown Lilac","Standard","2026-07-06","31","1"
"Finley Romper in Emerald","Emerald / Newborn","2026-07-06","-6","0"
"Finley Romper in Emerald","Emerald / 3-6 Months","2026-07-06","67","0"
"Amelia Labor & Postpartum Gown in Vintage Floral","Vintage Floral / Curve","2026-07-06","32","1"
"The Cameron Unisex Nursing and Skin to Skin Shirt in Plum","Medium","2026-07-06","33","0"
"Lila Labor & Postpartum Gown in Plum","Plum / Slim Petite","2026-07-06","42","10"
"Finley Romper in Emerald","Emerald / 18-24 Months","2026-07-06","3","0"
"Amelia Labor & Postpartum Gown in Deep Teal","Deep Teal / Slim Petite","2026-07-06","36","1"
"Finley Romper in Black","Black / 18-24 Months","2026-07-06","83","0"
"Finley Romper in Vintage Floral","Vintage Floral / 12-18 Months","2026-07-06","9","1"
"Robes in Sage","Laura Robe / Long","2026-07-06","96","4"
"Finley Romper in Periwinkle","Periwinkle / 9-12 Months","2026-07-06","20","0"
"Baby Swaddle Set: Plum","Bow","2026-07-06","0","0"
"The Cameron Unisex Nursing and Skin to Skin Shirt in Emerald","Medium","2026-07-06","40","0"
"Lila Labor & Postpartum Gown in Black","Black / Standard","2026-07-06","889","58"
"Lila Labor & Postpartum Gown in Mocha","Mocha / Standard","2026-07-06","11","10"
"Lila Labor & Postpartum Gown in Periwinkle Blue","Periwinkle / Full Figure","2026-07-06","125","13"
"The Cameron Unisex Nursing and Skin to Skin Shirt in Deep Teal","Large","2026-07-06","31","5"
"Finley Romper in Dusty Rose","Dusty Rose / 6-9 Months","2026-07-06","31","0"
"Amelia Labor & Postpartum Gown in Dusty Rose","Dusty Rose / Standard","2026-07-06","216","22"
"Finley Romper in Plum","Plum / 3-6 Months","2026-07-06","-1","0"
"Lila Labor & Postpartum Gown in Emerald","Emerald / Curve","2026-07-06","16","3"
"Lila Labor & Postpartum Gown in Vintage Floral","Vintage Floral / Standard","2026-07-06","199","25"
"Finley Romper in Midnight Blue","Midnight Blue / 3-6 Months","2026-07-06","-2","0"
"Lila Labor & Postpartum Gown in Midnight Blue","Midnight Blue / Standard","2026-07-06","14","61"
"Robes in Midnight Blue","Mia Robe / Short","2026-07-06","71","0"
"Finley Romper in Deep Teal","Deep Teal / 9-12 Months","2026-07-06","64","0"
"Amelia Labor & Postpartum Gown in Vintage Floral","Vintage Floral / Full Figure","2026-07-06","26","2"
"Amelia Labor & Postpartum Gown in Periwinkle","Periwinkle / Full Figure","2026-07-06","90","1"
"Amelia Labor & Postpartum Gown in Sage","Sage / Curve","2026-07-06","22","0"
"Finley Romper in Midnight Blue","Midnight Blue / 16-24 Months","2026-07-06","25","0"
"Robes in Plum","Laura Robe / Long","2026-07-06","40","5"
"Lila Labor & Postpartum Gown in Dusty Rose","Dusty Rose / Slim Petite","2026-07-06","8","22"
"The Cameron Unisex Nursing and Skin to Skin Shirt in Midnight Blue","Medium","2026-07-06","108","2"
"The Cameron Unisex Nursing and Skin to Skin Shirt in Black","Extra Large","2026-07-06","137","10"
"Robes in Midnight Blue","Laura Robe / Long","2026-07-06","44","3"
"The Cameron Unisex Nursing and Skin to Skin Shirt in Deep Teal","Extra Large","2026-07-06","55","1"
"Finley Romper in Dusty Rose","Dusty Rose / 3-6 Months","2026-07-06","99","0"
"Finley Romper in Black","Black / 6-9 Months","2026-07-06","3","0"
"Lila Labor & Postpartum Gown in Vintage Floral","Vintage Floral / Slim Petite","2026-07-06","0","7"
"Amelia Labor & Postpartum Gown Lilac","Slim Petite","2026-07-06","42","0"
"Baby Swaddle Set: Emerald","Hat & Bow","2026-07-06","1","0"
"The Cameron Unisex Nursing and Skin to Skin Shirt in Plum","Small","2026-07-06","35","1"
"Lila Labor & Postpartum Gown in Deep Teal","Deep Teal / Slim Petite","2026-07-06","134","6"
"Lila Labor & Postpartum Gown in Emerald","Emerald / Full Figure","2026-07-06","57","10"
"Finley Romper in Black","Black / 3-6 Months","2026-07-06","56","2"
"Finley Romper in Periwinkle","Periwinkle / 6-9 Months","2026-07-06","44","0"
"Amelia Labor & Postpartum Gown in Deep Teal","Deep Teal / Full Figure","2026-07-06","80","9"
"Amelia Labor & Postpartum Gown in Plum","Plum / Curve","2026-07-06","29","4"
"Amelia Labor & Postpartum Gown in Charcoal Grey","Charcoal Grey / Standard","2026-07-06","120","0"
"Finley Romper in Midnight Blue","Midnight Blue / 12-16 Months","2026-07-06","20","0"
"The Cameron Unisex Nursing and Skin to Skin Shirt in Emerald","Small","2026-07-06","37","0"
"Lila Labor & Postpartum Gown in Plum","Plum / Standard","2026-07-06","266","39"
"Finley Romper in Periwinkle","Periwinkle / 12-18 Months","2026-07-06","19","0"
"Lila Labor & Postpartum Gown in Periwinkle Blue","Periwinkle / Slim Petite","2026-07-06","39","14"
"Finley Romper in Vintage Floral","Vintage Floral / 9-12 Months","2026-07-06","5","0"
"Lila Labor & Postpartum Gown in Mocha","Mocha / Slim Petite","2026-07-06","7","3"
"Robes in Dusty Rose","Laura Robe / Long","2026-07-06","39","7"
"Baby Swaddle Set: Periwinkle","Hat & Bow","2026-07-06","62","18"
"Robes in Emerald","Laura Robe / Long","2026-07-06","73","1"
"Finley Romper in Vintage Floral","Vintage Floral / 18-24 Months","2026-07-06","15","0"
"Finley Romper in Deep Teal","Deep Teal / Newborn","2026-07-06","92","3"
"Finley Romper in Dusty Rose","Dusty Rose / Newborn","2026-07-06","23","0"
"Finley Romper in Deep Teal","Deep Teal / 12-16 Months","2026-07-06","64","0"
"Amelia Labor & Postpartum Gown in Midnight Blue","Midnight Blue / Curve","2026-07-06","61","1"
"Amelia Labor & Postpartum Gown in Mocha","Mocha / Curve","2026-07-06","59","1"
"The Cameron Unisex Nursing and Skin to Skin Shirt in Plum","2XL","2026-07-06","43","0"
"Finley Romper in Sage","Sage / Newborn","2026-07-06","0","0"
"Robes in Black","Mia Robe / Short","2026-07-06","-2","0"
"Lila Labor & Postpartum Gown in Periwinkle Blue","Periwinkle / Standard","2026-07-06","97","52"
"Amelia Labor & Postpartum Gown in Dusty Rose","Dusty Rose / Full Figure","2026-07-06","207","11"
"Lila Labor & Postpartum Gown in Charcoal Grey","Charcoal Grey / Standard","2026-07-06","22","12"
"Amelia Labor & Postpartum Gown in Mocha","Mocha / Slim Petite","2026-07-06","60","0"
"Amelia Labor & Postpartum Gown Lilac","Full Figure","2026-07-06","39","0"
"The Cameron Unisex Nursing and Skin to Skin Shirt in Sage","Large","2026-07-06","111","7"
"Lila Labor & Postpartum Gown in Black","Black / Full Figure","2026-07-06","293","31"
"Finley Romper in Deep Teal","Deep Teal / 16-24 Months","2026-07-06","63","0"
"Finley Romper in Midnight Blue","Midnight Blue / Newborn","2026-07-06","-4","0"
"The Cameron Unisex Nursing and Skin to Skin Shirt in Deep Teal","2XL","2026-07-06","32","0"
"Lila Labor & Postpartum Gown in Plum","Plum / Curve","2026-07-06","42","11"
"Finley Romper in Sage","Sage / 3-6 Months","2026-07-06","2","1"
"Finley Romper in Plum","Plum / 6-9 Months","2026-07-06","112","0"
"Amelia Labor & Postpartum Gown Lilac","Curve","2026-07-06","53","1"
"Robes in Periwinkle","Mia Robe / Short","2026-07-06","30","0"
"Lila Labor & Postpartum Gown in Charcoal Grey","Charcoal Grey / Full Figure","2026-07-06","10","2"
"Robes in Deep Teal","Mia Robe / Short","2026-07-06","23","3"
"Amelia Labor & Postpartum Gown in Emerald","Emerald / Standard","2026-07-06","79","0"
"Lila Labor & Postpartum Gown in Dusty Rose","Dusty Rose / Full Figure","2026-07-06","83","19"
"Finley Romper in Deep Teal","Deep Teal / 3-6 Months","2026-07-06","0","0"
"Finley Romper in Vintage Floral","Vintage Floral / 3-6 Months","2026-07-06","9","1"
"Robes in Plum","Mia Robe / Short","2026-07-06","1","2"
"Amelia Labor & Postpartum Gown in Black","Black / Standard","2026-07-06","262","4"
"Lila Labor & Postpartum Gown in Midnight Blue","Midnight Blue / Curve","2026-07-06","56","8"
"Finley Romper in Periwinkle","Periwinkle / Newborn","2026-07-06","-1","0"
"Lila Labor & Postpartum Gown in Charcoal Grey","Charcoal Grey / Curve","2026-07-06","23","3"
"Amelia Labor & Postpartum Gown in Mocha","Mocha / Full Figure","2026-07-06","47","1"
"Amelia Labor & Postpartum Gown in Vintage Floral","Vintage Floral / Petite","2026-07-06","1","0"
"Amelia Labor & Postpartum Gown in Deep Teal","Deep Teal / Curve","2026-07-06","16","4"
"The Cameron Unisex Nursing and Skin to Skin Shirt in Emerald","2XL","2026-07-06","41","1"
"Amelia Labor & Postpartum Gown in Plum","Plum / Full Figure","2026-07-06","99","5"
"Robes in Black","Laura Robe / Long","2026-07-06","93","10"
"Amelia Labor & Postpartum Gown in Black","Black / Slim Petite","2026-07-06","138","0"
"Baby Swaddle Set: Plum","Hat & Bow","2026-07-06","1","2"
"Amelia Labor & Postpartum Gown in Periwinkle","Periwinkle / Curve","2026-07-06","43","2"
"Amelia Labor & Postpartum Gown in Midnight Blue","Midnight Blue / Slim Petite","2026-07-06","44","1"
"Baby Swaddle Set: Dusty Rose","Hat & Bow","2026-07-06","0","0"
"The Cameron Unisex Nursing and Skin to Skin Shirt in Plum","Large","2026-07-06","54","0"
"Finley Romper in Deep Teal","Deep Teal / 6-9 Months","2026-07-06","17","0"
"Lila Labor & Postpartum Gown in Dusty Rose","Dusty Rose / Curve","2026-07-06","85","6"
"Lila Labor & Postpartum Gown in Vintage Floral","Vintage Floral / Full Figure","2026-07-06","222","11"
"Robes in Vintage Floral","Laura Robe / Long","2026-07-06","0","0"
"Finley Romper in Deep Teal","Deep Teal / 16-24 Months","2026-07-13","63","0"
"Baby Swaddle Set: Periwinkle","Hat & Bow","2026-07-13","29","33"
"Finley Romper in Midnight Blue","Midnight Blue / 12-16 Months","2026-07-13","20","0"
"Finley Romper in Midnight Blue","Midnight Blue / 6-9 Months","2026-07-13","21","0"
"Amelia Labor & Postpartum Gown in Midnight Blue","Midnight Blue / Standard","2026-07-13","51","5"
"Amelia Labor & Postpartum Gown in Charcoal Grey","Charcoal Grey / Curve","2026-07-13","129","0"
"Finley Romper in Periwinkle","Periwinkle / 12-18 Months","2026-07-13","19","0"
"Lila Labor & Postpartum Gown in Sage","Sage / Standard","2026-07-13","182","22"
"Lila Labor & Postpartum Gown in Charcoal Grey","Charcoal Grey / Full Figure","2026-07-13","10","0"
"Finley Romper in Midnight Blue","Midnight Blue / 3-6 Months","2026-07-13","8","1"
"The Cameron Unisex Nursing and Skin to Skin Shirt in Midnight Blue","2XL","2026-07-13","56","2"
"Amelia Labor & Postpartum Gown Lilac","Standard","2026-07-13","27","4"
"Robes in Periwinkle","Laura Robe / Long","2026-07-13","124","1"
"The Cameron Unisex Nursing and Skin to Skin Shirt in Midnight Blue","Extra Large","2026-07-13","133","5"
"Amelia Labor & Postpartum Gown in Deep Teal","Deep Teal / Standard","2026-07-13","13","13"
"Finley Romper in Plum","Plum / 3-6 Months","2026-07-13","-1","0"
"Amelia Labor & Postpartum Gown in Dusty Rose","Dusty Rose / Standard","2026-07-13","190","26"
"Amelia Labor & Postpartum Gown in Plum","Plum / Full Figure","2026-07-13","93","6"
"Finley Romper in Midnight Blue","Midnight Blue / 16-24 Months","2026-07-13","25","0"
"Amelia Labor & Postpartum Gown in Mocha","Mocha / Slim Petite","2026-07-13","60","0"
"Robes in Dusty Rose","Mia Robe / Short","2026-07-13","43","0"
"Robes in Black","Mia Robe / Short","2026-07-13","-2","0"
"Lila Labor & Postpartum Gown in Periwinkle Blue","Periwinkle / Standard","2026-07-13","131","71"
"Amelia Labor & Postpartum Gown in Dusty Rose","Dusty Rose / Full Figure","2026-07-13","199","9"
"Amelia Labor & Postpartum Gown in Plum","Plum / Curve","2026-07-13","29","0"
"Amelia Labor & Postpartum Gown in Charcoal Grey","Charcoal Grey / Standard","2026-07-13","119","1"
"Amelia Labor & Postpartum Gown in Deep Teal","Deep Teal / Full Figure","2026-07-13","79","1"
"Finley Romper in Deep Teal","Deep Teal / Newborn","2026-07-13","90","2"
"Finley Romper in Dusty Rose","Dusty Rose / Newborn","2026-07-13","23","0"
"Finley Romper in Deep Teal","Deep Teal / 12-16 Months","2026-07-13","64","0"
"Finley Romper in Emerald","Emerald / Newborn","2026-07-13","-6","0"
"Lila Labor & Postpartum Gown in Deep Teal","Deep Teal / Slim Petite","2026-07-13","133","1"
"Lila Labor & Postpartum Gown in Emerald","Emerald / Full Figure","2026-07-13","51","6"
"Baby Swaddle Set: Emerald","Hat & Bow","2026-07-13","85","1"
"The Cameron Unisex Nursing and Skin to Skin Shirt in Plum","Small","2026-07-13","35","0"
"Finley Romper in Periwinkle","Periwinkle / 3-6 Months","2026-07-13","28","0"
"Robes in Vintage Floral","Mia Robe / Short","2026-07-13","104","0"
"Robes in Black","Laura Robe / Long","2026-07-13","87","6"
"Lila Labor & Postpartum Gown in Periwinkle Blue","Periwinkle / Slim Petite","2026-07-13","25","14"
"Robes in Lilac","Laura Robe / Long","2026-07-13","76","0"
"Lila Labor & Postpartum Gown in Sage","Sage / Full Figure","2026-07-13","112","6"
"Lila Labor & Postpartum Gown in Charcoal Grey","Charcoal Grey / Standard","2026-07-13","8","14"
"The Cameron Unisex Nursing and Skin to Skin Shirt in Plum","Extra Large","2026-07-13","44","1"
"Finley Romper in Black","Black / 18-24 Months","2026-07-13","83","0"
"Finley Romper in Emerald","Emerald / 18-24 Months","2026-07-13","3","0"
"Amelia Labor & Postpartum Gown in Sage","Sage / Curve","2026-07-13","22","0"
"Amelia Labor & Postpartum Gown in Periwinkle","Periwinkle / Full Figure","2026-07-13","88","2"
"Robes in Midnight Blue","Mia Robe / Short","2026-07-13","69","2"
"Lila Labor & Postpartum Gown in Midnight Blue","Midnight Blue / Standard","2026-07-13","5","9"
"Finley Romper in Deep Teal","Deep Teal / 9-12 Months","2026-07-13","64","0"
"Robes in Deep Teal","Laura Robe / Long","2026-07-13","61","8"
"Finley Romper in Periwinkle","Periwinkle / 6-9 Months","2026-07-13","44","0"
"Finley Romper in Sage","Sage / 3-6 Months","2026-07-13","1","1"
"Finley Romper in Dusty Rose","Dusty Rose / 3-6 Months","2026-07-13","99","0"
"Finley Romper in Black","Black / 6-9 Months","2026-07-13","3","0"
"Finley Romper in Sage","Sage / 6-9 Months","2026-07-13","14","0"
"Lila Labor & Postpartum Gown in Mocha","Mocha / Slim Petite","2026-07-13","4","3"
"The Cameron Unisex Nursing and Skin to Skin Shirt in Midnight Blue","Medium","2026-07-13","127","1"
"Lila Labor & Postpartum Gown in Mocha","Mocha / Standard","2026-07-13","5","6"
"Lila Labor & Postpartum Gown in Sage","Sage / Curve","2026-07-13","78","6"
"The Cameron Unisex Nursing and Skin to Skin Shirt in Emerald","Small","2026-07-13","37","0"
"Baby Swaddle Set: Black","Hat & Bow","2026-07-13","154","6"
"Baby Swaddle Set: Vintage Floral","Hat & Bow","2026-07-13","79","6"
"The Cameron Unisex Nursing and Skin to Skin Shirt in Sage","Small","2026-07-13","41","0"
"Amelia Labor & Postpartum Gown in Emerald","Emerald / Curve","2026-07-13","53","0"
"Amelia Labor & Postpartum Gown in Vintage Floral","Vintage Floral / Full Figure","2026-07-13","23","3"
"Amelia Labor & Postpartum Gown in Mocha","Mocha / Full Figure","2026-07-13","45","2"
"Lila Labor & Postpartum Gown in Sage","Sage / Slim Petite","2026-07-13","189","3"
"Lila Labor & Postpartum Gown in Emerald","Emerald / Curve","2026-07-13","14","2"
"Finley Romper in Black","Black / 3-6 Months","2026-07-13","56","0"
"Lila Labor & Postpartum Gown in Vintage Floral","Vintage Floral / Slim Petite","2026-07-13","65","5"
"Amelia Labor & Postpartum Gown Lilac","Slim Petite","2026-07-13","42","0"
"Baby Swaddle Set: Plum","Hat & Bow","2026-07-13","83","3"
"Amelia Labor & Postpartum Gown in Black","Black / Slim Petite","2026-07-13","135","3"
"The Cameron Unisex Nursing and Skin to Skin Shirt in Sage","Large","2026-07-13","108","3"
"Amelia Labor & Postpartum Gown Lilac","Full Figure","2026-07-13","35","4"
"Lila Labor & Postpartum Gown in Vintage Floral","Vintage Floral / Curve","2026-07-13","43","5"
"Finley Romper in Sage","Sage / Newborn","2026-07-13","0","0"
"Amelia Labor & Postpartum Gown Lilac","Curve","2026-07-13","53","0"
"Lila Labor & Postpartum Gown in Plum","Plum / Slim Petite","2026-07-13","38","5"
"Amelia Labor & Postpartum Gown in Vintage Floral","Vintage Floral / Curve","2026-07-13","31","1"
"Finley Romper in Emerald","Emerald / 3-6 Months","2026-07-13","66","1"
"The Cameron Unisex Nursing and Skin to Skin Shirt in Plum","Medium","2026-07-13","32","1"
"The Cameron Unisex Nursing and Skin to Skin Shirt in Emerald","Large","2026-07-13","19","1"
"Finley Romper in Periwinkle","Periwinkle / Newborn","2026-07-13","-1","0"
"Finley Romper in Vintage Floral","Vintage Floral / 6-9 Months","2026-07-13","6","0"
"Lila Labor & Postpartum Gown in Deep Teal","Deep Teal / Curve","2026-07-13","166","4"
"Robes in Emerald","Laura Robe / Long","2026-07-13","68","5"
"Finley Romper in Black","Black / 12-18 Months","2026-07-13","40","0"
"Robes in Plum","Mia Robe / Short","2026-07-13","1","0"
"Robes in Sage","Mia Robe / Short","2026-07-13","72","2"
"Lila Labor & Postpartum Gown in Periwinkle Blue","Periwinkle / Curve","2026-07-13","109","1"
"Lila Labor & Postpartum Gown in Deep Teal","Deep Teal / Standard","2026-07-13","333","29"
"The Cameron Unisex Nursing and Skin to Skin Shirt in Sage","Extra Large","2026-07-13","112","3"
"Lila Labor & Postpartum Gown in Deep Teal","Deep Teal / Full Figure","2026-07-13","266","9"
"Amelia Labor & Postpartum Gown in Plum","Plum / Slim Petite","2026-07-13","39","1"
"The Cameron Unisex Nursing and Skin to Skin Shirt in Emerald","Medium","2026-07-13","40","0"
"Robes in Plum","Laura Robe / Long","2026-07-13","40","5"
"Amelia Labor & Postpartum Gown in Vintage Floral","Vintage Floral / Standard","2026-07-13","73","4"
"Baby Swaddle Set: Plum","Bow","2026-07-13","0","0"
"Baby Swaddle Set: Sage","Hat & Bow","2026-07-13","85","2"
"Finley Romper in Dusty Rose","Dusty Rose / 9-12 Months","2026-07-13","23","0"
"Lila Labor & Postpartum Gown in Plum","Plum / Full Figure","2026-07-13","175","23"
"Lila Labor & Postpartum Gown in Black","Black / Slim Petite","2026-07-13","388","19"
"Lila Labor & Postpartum Gown in Dusty Rose","Dusty Rose / Standard","2026-07-13","671","42"
"The Cameron Unisex Nursing and Skin to Skin Shirt in Midnight Blue","Small","2026-07-13","56","0"
"Amelia Labor & Postpartum Gown in Periwinkle","Periwinkle / Slim Petite","2026-07-13","0","0"
"Robes in Dusty Rose","Laura Robe / Long","2026-07-13","35","4"
"Lila Labor & Postpartum Gown in Dusty Rose","Dusty Rose / Full Figure","2026-07-13","236","22"
"Lila Labor & Postpartum Gown in Black","Black / Standard","2026-07-13","1018","82"
"Robes in Sage","Laura Robe / Long","2026-07-13","105","1"
"Finley Romper in Periwinkle","Periwinkle / 9-12 Months","2026-07-13","20","0"
"Finley Romper in Vintage Floral","Vintage Floral / 12-18 Months","2026-07-13","9","0"
"The Cameron Unisex Nursing and Skin to Skin Shirt in Midnight Blue","Large","2026-07-13","188","1"
"Finley Romper in Vintage Floral","Vintage Floral / 9-12 Months","2026-07-13","5","0"
"Lila Labor & Postpartum Gown in Plum","Plum / Standard","2026-07-13","240","27"
"Amelia Labor & Postpartum Gown in Mocha","Mocha / Standard","2026-07-13","53","2"
"Lila Labor & Postpartum Gown in Black","Black / Curve","2026-07-13","139","16"
"Lila Labor & Postpartum Gown in Mocha","Mocha / Full Figure","2026-07-13","33","7"
"Lila Labor & Postpartum Gown in Midnight Blue","Midnight Blue / Slim Petite","2026-07-13","9","19"
"The Cameron Unisex Nursing and Skin to Skin Shirt in Deep Teal","Large","2026-07-13","29","2"
"The Cameron Unisex Nursing and Skin to Skin Shirt in Deep Teal","2XL","2026-07-13","29","3"
"Lila Labor & Postpartum Gown in Charcoal Grey","Charcoal Grey / Curve","2026-07-13","22","1"
"Lila Labor & Postpartum Gown in Midnight Blue","Midnight Blue / Curve","2026-07-13","48","9"
"Finley Romper in Midnight Blue","Midnight Blue / Newborn","2026-07-13","-4","0"
"The Cameron Unisex Nursing and Skin to Skin Shirt in Deep Teal","Extra Large","2026-07-13","55","0"
"Lila Labor & Postpartum Gown in Emerald","Emerald / Standard","2026-07-13","181","12"
"The Cameron Unisex Nursing and Skin to Skin Shirt in Emerald","2XL","2026-07-13","41","0"
"Robes in Periwinkle","Mia Robe / Short","2026-07-13","120","0"
"Robes in Emerald","Mia Robe / Short","2026-07-13","63","2"
"Finley Romper in Lilac","Lilac / 6-9 Months","2026-07-13","18","0"
"Lila Labor & Postpartum Gown in Sage","Sage / Petite","2026-07-13","0","0"
"Amelia Labor & Postpartum Gown in Black","Black / Full Figure","2026-07-13","110","6"
"Amelia Labor & Postpartum Gown in Plum","Plum / Standard","2026-07-13","113","3"
"Finley Romper in Plum","Plum / Newborn","2026-07-13","57","3"
"Amelia Labor & Postpartum Gown in Emerald","Emerald / Standard","2026-07-13","78","1"
"Finley Romper in Lilac","Lilac / 3-6 Months","2026-07-13","31","0"
"The Cameron Unisex Nursing and Skin to Skin Shirt in Plum","2XL","2026-07-13","68","0"
"Amelia Labor & Postpartum Gown in Charcoal Grey","Charcoal Grey / Petite","2026-07-13","120","0"
"Lila Labor & Postpartum Gown in Charcoal Grey","Charcoal Grey / Petite","2026-07-13","19","3"
"The Cameron Unisex Nursing and Skin to Skin Shirt in Black","Small","2026-07-13","16","0"
"Robes in Lilac","Mia Robe / Short","2026-07-13","92","2"
"Finley Romper in Emerald","Emerald / 6-9 Months","2026-07-13","17","0"
"Amelia Labor & Postpartum Gown in Periwinkle","Periwinkle / Standard","2026-07-13","50","4"
"Baby Swaddle Set: Lilac","Hat & Bow","2026-07-13","115","18"
"Amelia Labor & Postpartum Gown in Periwinkle","Periwinkle / Curve","2026-07-13","42","1"
"Lila Labor & Postpartum Gown in Emerald","Emerald / Slim Petite","2026-07-13","43","5"
"Finley Romper in Vintage Floral","Vintage Floral / Newborn","2026-07-13","0","0"
"Amelia Labor & Postpartum Gown in Deep Teal","Deep Teal / Slim Petite","2026-07-13","35","1"
"Amelia Labor & Postpartum Gown in Midnight Blue","Midnight Blue / Full Figure","2026-07-13","-1","1"
"Finley Romper in Black","Black / 9-12 Months","2026-07-13","60","0"
"Robes in Deep Teal","Mia Robe / Short","2026-07-13","22","1"
"Amelia Labor & Postpartum Gown in Charcoal Grey","Charcoal Grey / Full Figure","2026-07-13","117","2"
"Lila Labor & Postpartum Gown in Dusty Rose","Dusty Rose / Curve","2026-07-13","77","8"
"Lila Labor & Postpartum Gown in Vintage Floral","Vintage Floral / Full Figure","2026-07-13","236","21"
"Robes in Vintage Floral","Laura Robe / Long","2026-07-13","50","0"
"Finley Romper in Lilac","Lilac / Newborn","2026-07-13","17","0"
"Amelia Labor & Postpartum Gown in Emerald","Emerald / Full Figure","2026-07-13","82","1"
"TENS Unit for Labor","Default Title","2026-07-13","1083","159"
"Amelia Labor & Postpartum Gown in Sage","Sage / Standard","2026-07-13","89","0"
"Amelia Labor & Postpartum Gown in Sage","Sage / Full Figure","2026-07-13","41","0"
"The Cameron Unisex Nursing and Skin to Skin Shirt in Black","Large","2026-07-13","14","4"
"Finley Romper in Periwinkle","Periwinkle / 18-24 Months","2026-07-13","19","0"
"Lila Labor & Postpartum Gown in Black","Black / Full Figure","2026-07-13","258","35"
"The Cameron Unisex Nursing and Skin to Skin Shirt in Black","2XL","2026-07-13","92","1"
"The Cameron Unisex Nursing and Skin to Skin Shirt in Deep Teal","Small","2026-07-13","72","1"
"Lila Labor & Postpartum Gown in Periwinkle Blue","Periwinkle / Full Figure","2026-07-13","219","11"
"The Cameron Unisex Nursing and Skin to Skin Shirt in Black","Extra Large","2026-07-13","135","2"
"Robes in Midnight Blue","Laura Robe / Long","2026-07-13","127","2"
"Lila Labor & Postpartum Gown in Dusty Rose","Dusty Rose / Slim Petite","2026-07-13","0","13"
"Amelia Labor & Postpartum Gown in Vintage Floral","Vintage Floral / Petite","2026-07-13","61","0"
"Amelia Labor & Postpartum Gown in Midnight Blue","Midnight Blue / Curve","2026-07-13","60","1"
"Amelia Labor & Postpartum Gown in Mocha","Mocha / Curve","2026-07-13","59","0"
"Lila Labor & Postpartum Gown in Vintage Floral","Vintage Floral / Standard","2026-07-13","164","35"
"Lila Labor & Postpartum Gown in Lilac","Lilac / Standard","2026-07-13","183","21"
"Lila Labor & Postpartum Gown in Midnight Blue","Midnight Blue / Full Figure","2026-07-13","112","25"
"Amelia Labor & Postpartum Gown in Midnight Blue","Midnight Blue / Slim Petite","2026-07-13","74","1"
"Baby Swaddle Set: Dusty Rose","Hat & Bow","2026-07-13","103","12"
"The Cameron Unisex Nursing and Skin to Skin Shirt in Deep Teal","Medium","2026-07-13","21","0"
"Amelia Labor & Postpartum Gown in Dusty Rose","Dusty Rose / Curve","2026-07-13","79","5"
"The Cameron Unisex Nursing and Skin to Skin Shirt in Sage","2XL","2026-07-13","113","2"
"Baby Swaddle Set: Deep Teal","Hat & Bow","2026-07-13","1","0"
"Finley Romper in Dusty Rose","Dusty Rose / 6-9 Months","2026-07-13","31","0"
"Lila Labor & Postpartum Gown in Lilac","Lilac / Curve","2026-07-13","45","3"
"Lila Labor & Postpartum Gown in Mocha","Mocha / Curve","2026-07-13","49","2"
"Amelia Labor & Postpartum Gown in Deep Teal","Deep Teal / Curve","2026-07-13","16","0"
"Baby Swaddle Set: Midnight Blue","Hat & Bow","2026-07-13","80","6"
"Amelia Labor & Postpartum Gown in Black","Black / Curve","2026-07-13","91","2"
"Lila Labor & Postpartum Gown in Lilac","Lilac / Full Figure","2026-07-13","66","8"
"Amelia Labor & Postpartum Gown in Black","Black / Standard","2026-07-13","253","9"
"The Cameron Unisex Nursing and Skin to Skin Shirt in Plum","Large","2026-07-13","51","3"
"Finley Romper in Deep Teal","Deep Teal / 6-9 Months","2026-07-13","17","0"
"Lila Labor & Postpartum Gown in Plum","Plum / Curve","2026-07-13","1","0"
"The Cameron Unisex Nursing and Skin to Skin Shirt in Emerald","Extra Large","2026-07-13","42","0"
"Finley Romper in Emerald","Emerald / 9-12 Months","2026-07-13","82","0"
"Finley Romper in Black","Black / Newborn","2026-07-13","69","3"
"Finley Romper in Vintage Floral","Vintage Floral / 3-6 Months","2026-07-13","8","1"
"Finley Romper in Deep Teal","Deep Teal / 3-6 Months","2026-07-13","10","1"
"The Cameron Unisex Nursing and Skin to Skin Shirt in Black","Medium","2026-07-13","144","5"
"Finley Romper in Midnight Blue","Midnight Blue / 9-12 Months","2026-07-13","31","0"
"The Cameron Unisex Nursing and Skin to Skin Shirt in Sage","Medium","2026-07-13","161","3"
"Amelia Labor & Postpartum Gown in Emerald","Emerald / Petite","2026-07-13","65","0"
"Amelia Labor & Postpartum Gown in Sage","Sage / Petite","2026-07-13","69","1"
"Lila Labor & Postpartum Gown in Lilac","Lilac / Slim Petite","2026-07-13","-2","7"
"Finley Romper in Plum","Plum / 6-9 Months","2026-07-13","112","0"
"Finley Romper in Vintage Floral","Vintage Floral / 18-24 Months","2026-07-13","15","0"
"Amelia Labor & Postpartum Gown in Dusty Rose","Dusty Rose / Slim Petite","2026-07-13","118","3"
"The Cameron Unisex Nursing and Skin to Skin Shirt in Midnight Blue","Large","2026-07-20","186","2"
"Amelia Labor & Postpartum Gown in Charcoal Grey","Charcoal Grey / Full Figure","2026-07-20","116","1"
"Amelia Labor & Postpartum Gown in Mocha","Mocha / Standard","2026-07-20","52","1"
"Lila Labor & Postpartum Gown in Black","Black / Curve","2026-07-20","124","17"
"Amelia Labor & Postpartum Gown in Black","Black / Standard","2026-07-20","244","9"
"Lila Labor & Postpartum Gown in Emerald","Emerald / Curve","2026-07-20","10","4"
"Lila Labor & Postpartum Gown in Plum","Plum / Standard","2026-07-20","210","32"
"Lila Labor & Postpartum Gown in Midnight Blue","Midnight Blue / Slim Petite","2026-07-20","4","6"
"The Cameron Unisex Nursing and Skin to Skin Shirt in Deep Teal","2XL","2026-07-20","25","4"
"Lila Labor & Postpartum Gown in Sage","Sage / Standard","2026-07-20","154","30"
"Finley Romper in Deep Teal","Deep Teal / 16-24 Months","2026-07-20","63","0"
"Robes in Dusty Rose","Mia Robe / Short","2026-07-20","40","3"
"Lila Labor & Postpartum Gown in Charcoal Grey","Charcoal Grey / Curve","2026-07-20","20","2"
"Lila Labor & Postpartum Gown in Midnight Blue","Midnight Blue / Curve","2026-07-20","40","8"
"Amelia Labor & Postpartum Gown in Plum","Plum / Slim Petite","2026-07-20","38","1"
"Lila Labor & Postpartum Gown in Charcoal Grey","Charcoal Grey / Petite","2026-07-20","15","4"
"Lila Labor & Postpartum Gown in Lilac","Lilac / Slim Petite","2026-07-20","-2","0"
"The Cameron Unisex Nursing and Skin to Skin Shirt in Plum","Medium","2026-07-20","32","0"
"Finley Romper in Emerald","Emerald / 3-6 Months","2026-07-20","64","2"
"Amelia Labor & Postpartum Gown in Vintage Floral","Vintage Floral / Curve","2026-07-20","29","2"
"Finley Romper in Periwinkle","Periwinkle / 6-9 Months","2026-07-20","44","0"
"Lila Labor & Postpartum Gown in Mocha","Mocha / Full Figure","2026-07-20","19","14"
"Lila Labor & Postpartum Gown in Dusty Rose","Dusty Rose / Standard","2026-07-20","651","55"
"Lila Labor & Postpartum Gown in Emerald","Emerald / Full Figure","2026-07-20","41","10"
"Lila Labor & Postpartum Gown in Deep Teal","Deep Teal / Slim Petite","2026-07-20","125","8"
"Amelia Labor & Postpartum Gown in Deep Teal","Deep Teal / Slim Petite","2026-07-20","33","2"
"Finley Romper in Dusty Rose","Dusty Rose / 6-9 Months","2026-07-20","31","0"
"Finley Romper in Sage","Sage / Newborn","2026-07-20","0","0"
"Robes in Black","Laura Robe / Long","2026-07-20","82","5"
"Lila Labor & Postpartum Gown in Black","Black / Full Figure","2026-07-20","229","32"
"Amelia Labor & Postpartum Gown Lilac","Full Figure","2026-07-20","34","1"
"The Cameron Unisex Nursing and Skin to Skin Shirt in Sage","Large","2026-07-20","102","6"
"Robes in Midnight Blue","Laura Robe / Long","2026-07-20","9","6"
"The Cameron Unisex Nursing and Skin to Skin Shirt in Black","Extra Large","2026-07-20","131","4"
"Amelia Labor & Postpartum Gown in Mocha","Mocha / Full Figure","2026-07-20","43","2"
"The Cameron Unisex Nursing and Skin to Skin Shirt in Midnight Blue","2XL","2026-07-20","55","1"
"Amelia Labor & Postpartum Gown Lilac","Standard","2026-07-20","26","1"
"Finley Romper in Plum","Plum / 6-9 Months","2026-07-20","112","0"
"Baby Swaddle Set: Lilac","Hat & Bow","2026-07-20","111","4"
"Lila Labor & Postpartum Gown in Plum","Plum / Curve","2026-07-20","2","0"
"Baby Swaddle Set: Emerald","Hat & Bow","2026-07-20","76","9"
"The Cameron Unisex Nursing and Skin to Skin Shirt in Plum","Small","2026-07-20","34","1"
"Finley Romper in Emerald","Emerald / 9-12 Months","2026-07-20","82","0"
"Amelia Labor & Postpartum Gown in Plum","Plum / Full Figure","2026-07-20","89","5"
"Finley Romper in Black","Black / 9-12 Months","2026-07-20","60","0"
"Lila Labor & Postpartum Gown in Sage","Sage / Curve","2026-07-20","75","3"
"Amelia Labor & Postpartum Gown Lilac","Curve","2026-07-20","53","0"
"Finley Romper in Dusty Rose","Dusty Rose / 9-12 Months","2026-07-20","23","0"
"Lila Labor & Postpartum Gown in Plum","Plum / Slim Petite","2026-07-20","29","9"
"Amelia Labor & Postpartum Gown in Midnight Blue","Midnight Blue / Curve","2026-07-20","61","0"
"The Cameron Unisex Nursing and Skin to Skin Shirt in Deep Teal","Large","2026-07-20","26","3"
"Amelia Labor & Postpartum Gown in Mocha","Mocha / Curve","2026-07-20","59","0"
"Finley Romper in Vintage Floral","Vintage Floral / 9-12 Months","2026-07-20","5","0"
"Finley Romper in Vintage Floral","Vintage Floral / 18-24 Months","2026-07-20","15","0"
"Finley Romper in Emerald","Emerald / 6-9 Months","2026-07-20","17","0"
"Robes in Lilac","Mia Robe / Short","2026-07-20","92","0"
"Amelia Labor & Postpartum Gown in Periwinkle","Periwinkle / Standard","2026-07-20","41","9"
"The Cameron Unisex Nursing and Skin to Skin Shirt in Sage","2XL","2026-07-20","113","0"
"Finley Romper in Midnight Blue","Midnight Blue / Newborn","2026-07-20","-4","0"
"Amelia Labor & Postpartum Gown Lilac","Slim Petite","2026-07-20","42","0"
"Lila Labor & Postpartum Gown in Vintage Floral","Vintage Floral / Slim Petite","2026-07-20","51","14"
"Amelia Labor & Postpartum Gown in Black","Black / Slim Petite","2026-07-20","132","4"
"Baby Swaddle Set: Plum","Hat & Bow","2026-07-20","75","8"
"Lila Labor & Postpartum Gown in Lilac","Lilac / Curve","2026-07-20","42","3"
"Lila Labor & Postpartum Gown in Periwinkle Blue","Periwinkle / Slim Petite","2026-07-20","0","25"
"Lila Labor & Postpartum Gown in Charcoal Grey","Charcoal Grey / Full Figure","2026-07-20","4","6"
"Robes in Deep Teal","Mia Robe / Short","2026-07-20","35","2"
"Finley Romper in Black","Black / 18-24 Months","2026-07-20","83","0"
"Robes in Plum","Laura Robe / Long","2026-07-20","34","6"
"Baby Swaddle Set: Vintage Floral","Hat & Bow","2026-07-20","62","17"
"Amelia Labor & Postpartum Gown in Emerald","Emerald / Curve","2026-07-20","53","0"
"The Cameron Unisex Nursing and Skin to Skin Shirt in Sage","Small","2026-07-20","41","0"
"Amelia Labor & Postpartum Gown in Deep Teal","Deep Teal / Curve","2026-07-20","16","0"
"Finley Romper in Emerald","Emerald / Newborn","2026-07-20","-6","0"
"The Cameron Unisex Nursing and Skin to Skin Shirt in Midnight Blue","Extra Large","2026-07-20","131","2"
"Robes in Periwinkle","Laura Robe / Long","2026-07-20","121","3"
"Robes in Vintage Floral","Mia Robe / Short","2026-07-20","104","0"
"Finley Romper in Periwinkle","Periwinkle / 3-6 Months","2026-07-20","28","0"
"Finley Romper in Dusty Rose","Dusty Rose / 3-6 Months","2026-07-20","99","0"
"Finley Romper in Black","Black / 6-9 Months","2026-07-20","3","0"
"Amelia Labor & Postpartum Gown in Emerald","Emerald / Petite","2026-07-20","64","1"
"Finley Romper in Vintage Floral","Vintage Floral / 12-18 Months","2026-07-20","9","0"
"Robes in Sage","Laura Robe / Long","2026-07-20","102","3"
"Finley Romper in Periwinkle","Periwinkle / 9-12 Months","2026-07-20","20","0"
"Finley Romper in Lilac","Lilac / Newborn","2026-07-20","17","0"
"Finley Romper in Deep Teal","Deep Teal / 9-12 Months","2026-07-20","64","0"
"Lila Labor & Postpartum Gown in Midnight Blue","Midnight Blue / Standard","2026-07-20","7","44"
"Robes in Midnight Blue","Mia Robe / Short","2026-07-20","68","1"
"Baby Swaddle Set: Dusty Rose","Hat & Bow","2026-07-20","82","21"
"Amelia Labor & Postpartum Gown in Midnight Blue","Midnight Blue / Slim Petite","2026-07-20","72","2"
"TENS Unit for Labor","Default Title","2026-07-20","914","178"
"Amelia Labor & Postpartum Gown in Emerald","Emerald / Full Figure","2026-07-20","79","3"
"Amelia Labor & Postpartum Gown in Periwinkle","Periwinkle / Slim Petite","2026-07-20","1","0"
"Finley Romper in Sage","Sage / 6-9 Months","2026-07-20","13","1"
"The Cameron Unisex Nursing and Skin to Skin Shirt in Deep Teal","Extra Large","2026-07-20","55","0"
"The Cameron Unisex Nursing and Skin to Skin Shirt in Black","2XL","2026-07-20","89","3"
"Amelia Labor & Postpartum Gown in Midnight Blue","Midnight Blue / Full Figure","2026-07-20","-1","0"
"Finley Romper in Lilac","Lilac / 6-9 Months","2026-07-20","18","0"
"Robes in Emerald","Mia Robe / Short","2026-07-20","63","0"
"Lila Labor & Postpartum Gown in Black","Black / Standard","2026-07-20","1043","80"
"Amelia Labor & Postpartum Gown in Black","Black / Full Figure","2026-07-20","101","9"
"Amelia Labor & Postpartum Gown in Dusty Rose","Dusty Rose / Full Figure","2026-07-20","188","11"
"Robes in Black","Mia Robe / Short","2026-07-20","-2","0"
"Lila Labor & Postpartum Gown in Periwinkle Blue","Periwinkle / Standard","2026-07-20","171","65"
"The Cameron Unisex Nursing and Skin to Skin Shirt in Plum","2XL","2026-07-20","68","0"
"Lila Labor & Postpartum Gown in Vintage Floral","Vintage Floral / Standard","2026-07-20","139","26"
"Amelia Labor & Postpartum Gown in Sage","Sage / Petite","2026-07-20","70","0"
"The Cameron Unisex Nursing and Skin to Skin Shirt in Black","Small","2026-07-20","15","1"
"Lila Labor & Postpartum Gown in Deep Teal","Deep Teal / Curve","2026-07-20","161","5"
"Finley Romper in Vintage Floral","Vintage Floral / 6-9 Months","2026-07-20","6","0"
"Baby Swaddle Set: Deep Teal","Hat & Bow","2026-07-20","2","0"
"Finley Romper in Black","Black / 12-18 Months","2026-07-20","40","0"
"Amelia Labor & Postpartum Gown in Mocha","Mocha / Slim Petite","2026-07-20","60","0"
"Lila Labor & Postpartum Gown in Vintage Floral","Vintage Floral / Full Figure","2026-07-20","217","19"
"Robes in Vintage Floral","Laura Robe / Long","2026-07-20","50","0"
"Lila Labor & Postpartum Gown in Dusty Rose","Dusty Rose / Curve","2026-07-20","69","8"
"Baby Swaddle Set: Black","Hat & Bow","2026-07-20","150","4"
"Amelia Labor & Postpartum Gown in Vintage Floral","Vintage Floral / Standard","2026-07-20","68","5"
"Finley Romper in Plum","Plum / Newborn","2026-07-20","84","3"
"Lila Labor & Postpartum Gown in Black","Black / Slim Petite","2026-07-20","357","31"
"Lila Labor & Postpartum Gown in Plum","Plum / Full Figure","2026-07-20","161","15"
"The Cameron Unisex Nursing and Skin to Skin Shirt in Emerald","Extra Large","2026-07-20","42","0"
"Lila Labor & Postpartum Gown in Periwinkle Blue","Periwinkle / Curve","2026-07-20","106","3"
"Lila Labor & Postpartum Gown in Deep Teal","Deep Teal / Standard","2026-07-20","305","28"
"Robes in Sage","Mia Robe / Short","2026-07-20","70","2"
"The Cameron Unisex Nursing and Skin to Skin Shirt in Black","Medium","2026-07-20","143","1"
"Lila Labor & Postpartum Gown in Emerald","Emerald / Standard","2026-07-20","161","21"
"Lila Labor & Postpartum Gown in Dusty Rose","Dusty Rose / Full Figure","2026-07-20","215","22"
"Lila Labor & Postpartum Gown in Mocha","Mocha / Standard","2026-07-20","5","0"
"Amelia Labor & Postpartum Gown in Vintage Floral","Vintage Floral / Petite","2026-07-20","60","1"
"Lila Labor & Postpartum Gown in Lilac","Lilac / Full Figure","2026-07-20","60","7"
"Amelia Labor & Postpartum Gown in Black","Black / Curve","2026-07-20","86","5"
"Finley Romper in Sage","Sage / 3-6 Months","2026-07-20","0","1"
"Finley Romper in Black","Black / 3-6 Months","2026-07-20","85","1"
"The Cameron Unisex Nursing and Skin to Skin Shirt in Midnight Blue","Small","2026-07-20","56","0"
"Amelia Labor & Postpartum Gown in Deep Teal","Deep Teal / Standard","2026-07-20","8","5"
"Lila Labor & Postpartum Gown in Sage","Sage / Petite","2026-07-20","0","0"
"Robes in Plum","Mia Robe / Short","2026-07-20","1","0"
"Finley Romper in Vintage Floral","Vintage Floral / Newborn","2026-07-20","24","6"
"Lila Labor & Postpartum Gown in Sage","Sage / Full Figure","2026-07-20","99","13"
"Robes in Lilac","Laura Robe / Long","2026-07-20","73","3"
"Lila Labor & Postpartum Gown in Periwinkle Blue","Periwinkle / Full Figure","2026-07-20","238","16"
"Lila Labor & Postpartum Gown in Vintage Floral","Vintage Floral / Curve","2026-07-20","36","7"
"The Cameron Unisex Nursing and Skin to Skin Shirt in Emerald","Medium","2026-07-20","38","2"
"Robes in Deep Teal","Laura Robe / Long","2026-07-20","58","3"
"Lila Labor & Postpartum Gown in Mocha","Mocha / Curve","2026-07-20","49","0"
"Amelia Labor & Postpartum Gown in Periwinkle","Periwinkle / Full Figure","2026-07-20","85","3"
"Amelia Labor & Postpartum Gown in Sage","Sage / Curve","2026-07-20","22","0"
"Finley Romper in Deep Teal","Deep Teal / 12-16 Months","2026-07-20","64","0"
"Finley Romper in Deep Teal","Deep Teal / Newborn","2026-07-20","84","6"
"Finley Romper in Dusty Rose","Dusty Rose / Newborn","2026-07-20","23","0"
"Baby Swaddle Set: Sage","Hat & Bow","2026-07-20","67","18"
"Finley Romper in Midnight Blue","Midnight Blue / 3-6 Months","2026-07-20","38","0"
"Amelia Labor & Postpartum Gown in Emerald","Emerald / Standard","2026-07-20","77","1"
"Lila Labor & Postpartum Gown in Sage","Sage / Slim Petite","2026-07-20","180","9"
"Amelia Labor & Postpartum Gown in Dusty Rose","Dusty Rose / Curve","2026-07-20","70","9"
"The Cameron Unisex Nursing and Skin to Skin Shirt in Deep Teal","Medium","2026-07-20","20","1"
"Finley Romper in Midnight Blue","Midnight Blue / 12-16 Months","2026-07-20","20","0"
"Robes in Emerald","Laura Robe / Long","2026-07-20","65","3"
"Finley Romper in Periwinkle","Periwinkle / 18-24 Months","2026-07-20","19","0"
"Lila Labor & Postpartum Gown in Emerald","Emerald / Slim Petite","2026-07-20","40","3"
"Robes in Dusty Rose","Laura Robe / Long","2026-07-20","26","9"
"The Cameron Unisex Nursing and Skin to Skin Shirt in Sage","Medium","2026-07-20","158","3"
"Finley Romper in Midnight Blue","Midnight Blue / 9-12 Months","2026-07-20","31","0"
"Lila Labor & Postpartum Gown in Dusty Rose","Dusty Rose / Slim Petite","2026-07-20","0","1"
"The Cameron Unisex Nursing and Skin to Skin Shirt in Deep Teal","Small","2026-07-20","71","1"
"The Cameron Unisex Nursing and Skin to Skin Shirt in Emerald","Small","2026-07-20","37","0"
"Finley Romper in Lilac","Lilac / 3-6 Months","2026-07-20","31","0"
"Amelia Labor & Postpartum Gown in Deep Teal","Deep Teal / Full Figure","2026-07-20","76","4"
"Amelia Labor & Postpartum Gown in Plum","Plum / Curve","2026-07-20","28","1"
"Amelia Labor & Postpartum Gown in Charcoal Grey","Charcoal Grey / Standard","2026-07-20","117","2"
"Amelia Labor & Postpartum Gown in Vintage Floral","Vintage Floral / Full Figure","2026-07-20","16","7"
"Finley Romper in Periwinkle","Periwinkle / Newborn","2026-07-20","-1","0"
"Lila Labor & Postpartum Gown in Midnight Blue","Midnight Blue / Full Figure","2026-07-20","85","27"
"Lila Labor & Postpartum Gown in Lilac","Lilac / Standard","2026-07-20","153","30"
"Baby Swaddle Set: Plum","Bow","2026-07-20","0","0"
"The Cameron Unisex Nursing and Skin to Skin Shirt in Black","Large","2026-07-20","8","6"
"Amelia Labor & Postpartum Gown in Sage","Sage / Full Figure","2026-07-20","41","0"
"Amelia Labor & Postpartum Gown in Sage","Sage / Standard","2026-07-20","87","3"
"Finley Romper in Black","Black / Newborn","2026-07-20","67","2"
"Robes in Periwinkle","Mia Robe / Short","2026-07-20","119","1"
"Finley Romper in Deep Teal","Deep Teal / 3-6 Months","2026-07-20","10","0"
"Finley Romper in Vintage Floral","Vintage Floral / 3-6 Months","2026-07-20","7","1"
"Lila Labor & Postpartum Gown in Mocha","Mocha / Slim Petite","2026-07-20","1","3"
"Finley Romper in Periwinkle","Periwinkle / 12-18 Months","2026-07-20","19","0"
"Amelia Labor & Postpartum Gown in Charcoal Grey","Charcoal Grey / Curve","2026-07-20","129","0"
"Finley Romper in Midnight Blue","Midnight Blue / 6-9 Months","2026-07-20","21","0"
"Amelia Labor & Postpartum Gown in Midnight Blue","Midnight Blue / Standard","2026-07-20","46","5"
"The Cameron Unisex Nursing and Skin to Skin Shirt in Plum","Extra Large","2026-07-20","44","0"
"Amelia Labor & Postpartum Gown in Plum","Plum / Standard","2026-07-20","106","8"
"Finley Romper in Emerald","Emerald / 18-24 Months","2026-07-20","3","0"
"Baby Swaddle Set: Midnight Blue","Hat & Bow","2026-07-20","58","22"
"Amelia Labor & Postpartum Gown in Charcoal Grey","Charcoal Grey / Petite","2026-07-20","120","0"
"The Cameron Unisex Nursing and Skin to Skin Shirt in Emerald","Large","2026-07-20","18","1"
"The Cameron Unisex Nursing and Skin to Skin Shirt in Plum","Large","2026-07-20","50","1"
"Finley Romper in Deep Teal","Deep Teal / 6-9 Months","2026-07-20","17","0"
"Amelia Labor & Postpartum Gown in Dusty Rose","Dusty Rose / Slim Petite","2026-07-20","114","4"
"Finley Romper in Midnight Blue","Midnight Blue / 16-24 Months","2026-07-20","25","0"
"Amelia Labor & Postpartum Gown in Periwinkle","Periwinkle / Curve","2026-07-20","42","0"
"Amelia Labor & Postpartum Gown in Dusty Rose","Dusty Rose / Standard","2026-07-20","173","17"
"Finley Romper in Plum","Plum / 3-6 Months","2026-07-20","-1","0"
"Baby Swaddle Set: Periwinkle","Hat & Bow","2026-07-20","-1","30"
"Lila Labor & Postpartum Gown in Deep Teal","Deep Teal / Full Figure","2026-07-20","263","3"
"The Cameron Unisex Nursing and Skin to Skin Shirt in Sage","Extra Large","2026-07-20","106","6"
"The Cameron Unisex Nursing and Skin to Skin Shirt in Emerald","2XL","2026-07-20","41","0"
"Lila Labor & Postpartum Gown in Charcoal Grey","Charcoal Grey / Standard","2026-07-20","2","6"
"The Cameron Unisex Nursing and Skin to Skin Shirt in Midnight Blue","Medium","2026-07-20","125","2"
"Finley Romper in Vintage Floral","Vintage Floral / 9-12 Months","2026-07-27","5","0"
"Baby Swaddle Set: Deep Teal","Hat & Bow","2026-07-27","2","0"
"Finley Romper in Black","Black / 12-18 Months","2026-07-27","40","0"
"Finley Romper in Periwinkle","Periwinkle / 12-18 Months","2026-07-27","19","0"
"Amelia Labor & Postpartum Gown in Emerald","Emerald / Petite","2026-07-27","64","0"
"Amelia Labor & Postpartum Gown in Midnight Blue","Midnight Blue / Full Figure","2026-07-27","-1","0"
"Lila Labor & Postpartum Gown in Charcoal Grey","Charcoal Grey / Standard","2026-07-27","9","10"
"Lila Labor & Postpartum Gown in Lilac","Lilac / Slim Petite","2026-07-27","-2","0"
"Baby Swaddle Set: Lilac","Hat & Bow","2026-07-27","91","20"
"Robes in Emerald","Laura Robe / Long","2026-07-27","62","3"
"Finley Romper in Emerald","Emerald / 9-12 Months","2026-07-27","82","0"
"The Cameron Unisex Nursing and Skin to Skin Shirt in Sage","2XL","2026-07-27","110","3"
"The Cameron Unisex Nursing and Skin to Skin Shirt in Deep Teal","Extra Large","2026-07-27","52","3"
"Lila Labor & Postpartum Gown in Periwinkle Blue","Periwinkle / Curve","2026-07-27","175","1"
"Lila Labor & Postpartum Gown in Deep Teal","Deep Teal / Standard","2026-07-27","273","32"
"Robes in Sage","Mia Robe / Short","2026-07-27","66","4"
"The Cameron Unisex Nursing and Skin to Skin Shirt in Sage","Extra Large","2026-07-27","100","6"
"Lila Labor & Postpartum Gown in Deep Teal","Deep Teal / Full Figure","2026-07-27","463","11"
"Finley Romper in Lilac","Lilac / 3-6 Months","2026-07-27","31","0"
"Baby Swaddle Set: Sage","Hat & Bow","2026-07-27","29","38"
"Finley Romper in Dusty Rose","Dusty Rose / Newborn","2026-07-27","22","1"
"Finley Romper in Deep Teal","Deep Teal / Newborn","2026-07-27","80","4"
"Finley Romper in Deep Teal","Deep Teal / 12-16 Months","2026-07-27","64","0"
"The Cameron Unisex Nursing and Skin to Skin Shirt in Black","Small","2026-07-27","12","3"
"Finley Romper in Midnight Blue","Midnight Blue / 16-24 Months","2026-07-27","25","0"
"Amelia Labor & Postpartum Gown in Charcoal Grey","Charcoal Grey / Petite","2026-07-27","119","1"
"The Cameron Unisex Nursing and Skin to Skin Shirt in Midnight Blue","Small","2026-07-27","56","0"
"The Cameron Unisex Nursing and Skin to Skin Shirt in Plum","Large","2026-07-27","49","1"
"Finley Romper in Deep Teal","Deep Teal / 6-9 Months","2026-07-27","16","1"
"The Cameron Unisex Nursing and Skin to Skin Shirt in Plum","Small","2026-07-27","34","0"
"Baby Swaddle Set: Emerald","Hat & Bow","2026-07-27","63","13"
"Lila Labor & Postpartum Gown in Black","Black / Full Figure","2026-07-27","540","40"
"Robes in Plum","Mia Robe / Short","2026-07-27","1","0"
"Lila Labor & Postpartum Gown in Mocha","Mocha / Slim Petite","2026-07-27","35","7"
"Amelia Labor & Postpartum Gown in Plum","Plum / Slim Petite","2026-07-27","38","0"
"Lila Labor & Postpartum Gown in Black","Black / Standard","2026-07-27","966","77"
"Baby Swaddle Set: Black","Hat & Bow","2026-07-27","147","4"
"Amelia Labor & Postpartum Gown in Mocha","Mocha / Curve","2026-07-27","59","0"
"Amelia Labor & Postpartum Gown in Midnight Blue","Midnight Blue / Curve","2026-07-27","59","2"
"The Cameron Unisex Nursing and Skin to Skin Shirt in Sage","Small","2026-07-27","40","1"
"Amelia Labor & Postpartum Gown in Emerald","Emerald / Curve","2026-07-27","52","1"
"Amelia Labor & Postpartum Gown in Vintage Floral","Vintage Floral / Standard","2026-07-27","60","8"
"Amelia Labor & Postpartum Gown in Dusty Rose","Dusty Rose / Slim Petite","2026-07-27","110","4"
"Finley Romper in Vintage Floral","Vintage Floral / 18-24 Months","2026-07-27","15","0"
"Finley Romper in Periwinkle","Periwinkle / 3-6 Months","2026-07-27","28","0"
"Robes in Vintage Floral","Mia Robe / Short","2026-07-27","104","0"
"Amelia Labor & Postpartum Gown in Emerald","Emerald / Standard","2026-07-27","77","0"
"Finley Romper in Vintage Floral","Vintage Floral / Newborn","2026-07-27","18","6"
"Lila Labor & Postpartum Gown in Plum","Plum / Standard","2026-07-27","168","44"
"Baby Swaddle Set: Plum","Bow","2026-07-27","18","2"
"Lila Labor & Postpartum Gown in Sage","Sage / Curve","2026-07-27","70","6"
"The Cameron Unisex Nursing and Skin to Skin Shirt in Midnight Blue","Medium","2026-07-27","125","0"
"Finley Romper in Black","Black / 18-24 Months","2026-07-27","83","0"
"Lila Labor & Postpartum Gown in Mocha","Mocha / Curve","2026-07-27","45","4"
"Lila Labor & Postpartum Gown in Midnight Blue","Midnight Blue / Standard","2026-07-27","7","1"
"Robes in Midnight Blue","Mia Robe / Short","2026-07-27","67","1"
"Finley Romper in Deep Teal","Deep Teal / 9-12 Months","2026-07-27","64","0"
"Amelia Labor & Postpartum Gown in Vintage Floral","Vintage Floral / Petite","2026-07-27","59","1"
"Finley Romper in Periwinkle","Periwinkle / Newborn","2026-07-27","-1","0"
"Amelia Labor & Postpartum Gown in Emerald","Emerald / Full Figure","2026-07-27","78","1"
"TENS Unit for Labor","Default Title","2026-07-27","755","165"
"Lila Labor & Postpartum Gown in Emerald","Emerald / Curve","2026-07-27","7","3"
"Finley Romper in Midnight Blue","Midnight Blue / Newborn","2026-07-27","-4","0"
"Finley Romper in Periwinkle","Periwinkle / 18-24 Months","2026-07-27","19","0"
"Amelia Labor & Postpartum Gown in Sage","Sage / Full Figure","2026-07-27","38","3"
"Amelia Labor & Postpartum Gown in Sage","Sage / Standard","2026-07-27","86","1"
"The Cameron Unisex Nursing and Skin to Skin Shirt in Black","Large","2026-07-27","0","8"
"Amelia Labor & Postpartum Gown in Dusty Rose","Dusty Rose / Standard","2026-07-27","155","18"
"Finley Romper in Plum","Plum / 3-6 Months","2026-07-27","-1","0"
"Lila Labor & Postpartum Gown in Dusty Rose","Dusty Rose / Full Figure","2026-07-27","196","19"
"Lila Labor & Postpartum Gown in Dusty Rose","Dusty Rose / Slim Petite","2026-07-27","122","18"
"Lila Labor & Postpartum Gown in Mocha","Mocha / Standard","2026-07-27","5","15"
"Finley Romper in Emerald","Emerald / 18-24 Months","2026-07-27","2","1"
"Amelia Labor & Postpartum Gown in Deep Teal","Deep Teal / Curve","2026-07-27","14","2"
"Robes in Periwinkle","Mia Robe / Short","2026-07-27","119","2"
"Amelia Labor & Postpartum Gown in Mocha","Mocha / Full Figure","2026-07-27","43","0"
"Lila Labor & Postpartum Gown in Midnight Blue","Midnight Blue / Full Figure","2026-07-27","69","17"
"Lila Labor & Postpartum Gown in Lilac","Lilac / Standard","2026-07-27","112","42"
"Amelia Labor & Postpartum Gown in Periwinkle","Periwinkle / Slim Petite","2026-07-27","29","2"
"Finley Romper in Plum","Plum / Newborn","2026-07-27","79","5"
"Amelia Labor & Postpartum Gown in Black","Black / Slim Petite","2026-07-27","155","6"
"Baby Swaddle Set: Plum","Hat & Bow","2026-07-27","55","20"
"Lila Labor & Postpartum Gown in Charcoal Grey","Charcoal Grey / Petite","2026-07-27","8","7"
"Amelia Labor & Postpartum Gown in Black","Black / Full Figure","2026-07-27","100","1"
"Robes in Deep Teal","Mia Robe / Short","2026-07-27","35","0"
"Finley Romper in Vintage Floral","Vintage Floral / 12-18 Months","2026-07-27","9","0"
"Finley Romper in Periwinkle","Periwinkle / 9-12 Months","2026-07-27","20","0"
"Robes in Sage","Laura Robe / Long","2026-07-27","94","9"
"Amelia Labor & Postpartum Gown in Deep Teal","Deep Teal / Full Figure","2026-07-27","74","2"
"Amelia Labor & Postpartum Gown in Plum","Plum / Curve","2026-07-27","27","1"
"Amelia Labor & Postpartum Gown in Charcoal Grey","Charcoal Grey / Standard","2026-07-27","116","1"
"Amelia Labor & Postpartum Gown in Black","Black / Standard","2026-07-27","234","10"
"Finley Romper in Midnight Blue","Midnight Blue / 12-16 Months","2026-07-27","20","0"
"Lila Labor & Postpartum Gown in Vintage Floral","Vintage Floral / Standard","2026-07-27","95","45"
"Lila Labor & Postpartum Gown in Plum","Plum / Curve","2026-07-27","2","0"
"Amelia Labor & Postpartum Gown in Periwinkle","Periwinkle / Standard","2026-07-27","38","3"
"Finley Romper in Emerald","Emerald / 6-9 Months","2026-07-27","17","0"
"Robes in Lilac","Mia Robe / Short","2026-07-27","92","0"
"Amelia Labor & Postpartum Gown in Midnight Blue","Midnight Blue / Slim Petite","2026-07-27","71","2"
"Robes in Dusty Rose","Mia Robe / Short","2026-07-27","37","3"
"Baby Swaddle Set: Dusty Rose","Hat & Bow","2026-07-27","60","22"
"Amelia Labor & Postpartum Gown in Sage","Sage / Petite","2026-07-27","69","1"
"Finley Romper in Vintage Floral","Vintage Floral / 6-9 Months","2026-07-27","6","0"
"Lila Labor & Postpartum Gown in Deep Teal","Deep Teal / Curve","2026-07-27","155","6"
"Baby Swaddle Set: Periwinkle","Hat & Bow","2026-07-27","3","1"
"Amelia Labor & Postpartum Gown in Mocha","Mocha / Slim Petite","2026-07-27","59","1"
"Robes in Emerald","Mia Robe / Short","2026-07-27","59","4"
"Finley Romper in Lilac","Lilac / 6-9 Months","2026-07-27","18","0"
"Amelia Labor & Postpartum Gown Lilac","Full Figure","2026-07-27","33","1"
"The Cameron Unisex Nursing and Skin to Skin Shirt in Sage","Large","2026-07-27","97","6"
"Lila Labor & Postpartum Gown in Emerald","Emerald / Standard","2026-07-27","143","18"
"The Cameron Unisex Nursing and Skin to Skin Shirt in Plum","Extra Large","2026-07-27","43","1"
"Lila Labor & Postpartum Gown in Charcoal Grey","Charcoal Grey / Full Figure","2026-07-27","19","3"
"Lila Labor & Postpartum Gown in Dusty Rose","Dusty Rose / Curve","2026-07-27","60","9"
"Lila Labor & Postpartum Gown in Vintage Floral","Vintage Floral / Full Figure","2026-07-27","200","18"
"Robes in Vintage Floral","Laura Robe / Long","2026-07-27","50","0"
"Lila Labor & Postpartum Gown in Midnight Blue","Midnight Blue / Curve","2026-07-27","32","10"
"Lila Labor & Postpartum Gown in Charcoal Grey","Charcoal Grey / Curve","2026-07-27","47","3"
"Amelia Labor & Postpartum Gown in Charcoal Grey","Charcoal Grey / Full Figure","2026-07-27","115","1"
"Amelia Labor & Postpartum Gown in Mocha","Mocha / Standard","2026-07-27","50","2"
"Lila Labor & Postpartum Gown in Plum","Plum / Slim Petite","2026-07-27","17","12"
"The Cameron Unisex Nursing and Skin to Skin Shirt in Emerald","Large","2026-07-27","17","1"
"Amelia Labor & Postpartum Gown in Deep Teal","Deep Teal / Slim Petite","2026-07-27","60","3"
"The Cameron Unisex Nursing and Skin to Skin Shirt in Deep Teal","Medium","2026-07-27","19","2"
"Lila Labor & Postpartum Gown in Sage","Sage / Petite","2026-07-27","0","0"
"Amelia Labor & Postpartum Gown in Dusty Rose","Dusty Rose / Curve","2026-07-27","60","10"
"Finley Romper in Plum","Plum / 6-9 Months","2026-07-27","112","0"
"Finley Romper in Black","Black / Newborn","2026-07-27","64","3"
"Amelia Labor & Postpartum Gown in Plum","Plum / Full Figure","2026-07-27","79","10"
"The Cameron Unisex Nursing and Skin to Skin Shirt in Black","Medium","2026-07-27","139","4"
"Robes in Dusty Rose","Laura Robe / Long","2026-07-27","23","3"
"Lila Labor & Postpartum Gown in Periwinkle Blue","Periwinkle / Standard","2026-07-27","98","73"
"Robes in Black","Mia Robe / Short","2026-07-27","-2","0"
"Amelia Labor & Postpartum Gown in Dusty Rose","Dusty Rose / Full Figure","2026-07-27","174","14"
"Finley Romper in Emerald","Emerald / Newborn","2026-07-27","-6","0"
"The Cameron Unisex Nursing and Skin to Skin Shirt in Emerald","Extra Large","2026-07-27","40","2"
"Lila Labor & Postpartum Gown in Lilac","Lilac / Curve","2026-07-27","38","4"
"Finley Romper in Deep Teal","Deep Teal / 3-6 Months","2026-07-27","9","1"
"Finley Romper in Vintage Floral","Vintage Floral / 3-6 Months","2026-07-27","7","0"
"Finley Romper in Sage","Sage / 6-9 Months","2026-07-27","12","1"
"Finley Romper in Black","Black / 6-9 Months","2026-07-27","3","0"
"Finley Romper in Dusty Rose","Dusty Rose / 3-6 Months","2026-07-27","99","0"
"Lila Labor & Postpartum Gown in Periwinkle Blue","Periwinkle / Full Figure","2026-07-27","223","15"
"Amelia Labor & Postpartum Gown in Charcoal Grey","Charcoal Grey / Curve","2026-07-27","128","1"
"Finley Romper in Midnight Blue","Midnight Blue / 6-9 Months","2026-07-27","21","0"
"Amelia Labor & Postpartum Gown in Midnight Blue","Midnight Blue / Standard","2026-07-27","40","6"
"The Cameron Unisex Nursing and Skin to Skin Shirt in Emerald","Medium","2026-07-27","36","2"
"The Cameron Unisex Nursing and Skin to Skin Shirt in Black","Extra Large","2026-07-27","127","5"
"Robes in Midnight Blue","Laura Robe / Long","2026-07-27","9","0"
"The Cameron Unisex Nursing and Skin to Skin Shirt in Midnight Blue","Large","2026-07-27","184","2"
"The Cameron Unisex Nursing and Skin to Skin Shirt in Emerald","Small","2026-07-27","37","0"
"Lila Labor & Postpartum Gown in Mocha","Mocha / Full Figure","2026-07-27","12","7"
"Finley Romper in Midnight Blue","Midnight Blue / 3-6 Months","2026-07-27","38","0"
"Finley Romper in Black","Black / 3-6 Months","2026-07-27","85","0"
"Lila Labor & Postpartum Gown in Dusty Rose","Dusty Rose / Standard","2026-07-27","610","41"
"Lila Labor & Postpartum Gown in Vintage Floral","Vintage Floral / Slim Petite","2026-07-27","399","2"
"Amelia Labor & Postpartum Gown Lilac","Slim Petite","2026-07-27","41","1"
"Robes in Black","Laura Robe / Long","2026-07-27","76","8"
"Finley Romper in Dusty Rose","Dusty Rose / 6-9 Months","2026-07-27","31","0"
"Lila Labor & Postpartum Gown in Sage","Sage / Full Figure","2026-07-27","91","8"
"Robes in Lilac","Laura Robe / Long","2026-07-27","71","2"
"Finley Romper in Midnight Blue","Midnight Blue / 9-12 Months","2026-07-27","31","0"
"The Cameron Unisex Nursing and Skin to Skin Shirt in Sage","Medium","2026-07-27","156","2"
"Finley Romper in Dusty Rose","Dusty Rose / 9-12 Months","2026-07-27","22","0"
"The Cameron Unisex Nursing and Skin to Skin Shirt in Emerald","2XL","2026-07-27","40","1"
"Robes in Plum","Laura Robe / Long","2026-07-27","23","11"
"Amelia Labor & Postpartum Gown in Vintage Floral","Vintage Floral / Full Figure","2026-07-27","14","3"
"Finley Romper in Lilac","Lilac / Newborn","2026-07-27","17","0"
"The Cameron Unisex Nursing and Skin to Skin Shirt in Deep Teal","Small","2026-07-27","71","0"
"Amelia Labor & Postpartum Gown in Periwinkle","Periwinkle / Full Figure","2026-07-27","83","2"
"Amelia Labor & Postpartum Gown in Sage","Sage / Curve","2026-07-27","22","0"
"Lila Labor & Postpartum Gown in Plum","Plum / Full Figure","2026-07-27","210","21"
"Lila Labor & Postpartum Gown in Black","Black / Slim Petite","2026-07-27","553","16"
"Amelia Labor & Postpartum Gown in Deep Teal","Deep Teal / Standard","2026-07-27","3","5"
"The Cameron Unisex Nursing and Skin to Skin Shirt in Black","2XL","2026-07-27","86","3"
"Lila Labor & Postpartum Gown in Emerald","Emerald / Slim Petite","2026-07-27","36","4"
"Lila Labor & Postpartum Gown in Periwinkle Blue","Periwinkle / Slim Petite","2026-07-27","18","17"
"Lila Labor & Postpartum Gown in Vintage Floral","Vintage Floral / Curve","2026-07-27","33","3"
"The Cameron Unisex Nursing and Skin to Skin Shirt in Deep Teal","Large","2026-07-27","23","4"
"Baby Swaddle Set: Vintage Floral","Hat & Bow","2026-07-27","40","22"
"Finley Romper in Emerald","Emerald / 3-6 Months","2026-07-27","63","1"
"Amelia Labor & Postpartum Gown in Vintage Floral","Vintage Floral / Curve","2026-07-27","27","2"
"The Cameron Unisex Nursing and Skin to Skin Shirt in Plum","Medium","2026-07-27","32","0"
"Amelia Labor & Postpartum Gown in Black","Black / Curve","2026-07-27","84","2"
"Lila Labor & Postpartum Gown in Lilac","Lilac / Full Figure","2026-07-27","48","12"
"Baby Swaddle Set: Midnight Blue","Hat & Bow","2026-07-27","40","18"
"Amelia Labor & Postpartum Gown Lilac","Standard","2026-07-27","23","3"
"The Cameron Unisex Nursing and Skin to Skin Shirt in Midnight Blue","2XL","2026-07-27","53","2"
"Lila Labor & Postpartum Gown in Black","Black / Curve","2026-07-27","239","25"
"Lila Labor & Postpartum Gown in Sage","Sage / Standard","2026-07-27","117","40"
"Lila Labor & Postpartum Gown in Emerald","Emerald / Full Figure","2026-07-27","36","6"
"Lila Labor & Postpartum Gown in Deep Teal","Deep Teal / Slim Petite","2026-07-27","330","5"
"Amelia Labor & Postpartum Gown in Periwinkle","Periwinkle / Curve","2026-07-27","39","3"
"Robes in Periwinkle","Laura Robe / Long","2026-07-27","117","4"
"The Cameron Unisex Nursing and Skin to Skin Shirt in Midnight Blue","Extra Large","2026-07-27","130","1"
"The Cameron Unisex Nursing and Skin to Skin Shirt in Deep Teal","2XL","2026-07-27","25","0"
"Finley Romper in Deep Teal","Deep Teal / 16-24 Months","2026-07-27","63","0"
"Robes in Deep Teal","Laura Robe / Long","2026-07-27","57","1"
"Finley Romper in Black","Black / 9-12 Months","2026-07-27","60","0"
"Amelia Labor & Postpartum Gown Lilac","Curve","2026-07-27","53","0"
"Amelia Labor & Postpartum Gown in Plum","Plum / Standard","2026-07-27","85","21"
"The Cameron Unisex Nursing and Skin to Skin Shirt in Plum","2XL","2026-07-27","65","3"
"Finley Romper in Periwinkle","Periwinkle / 6-9 Months","2026-07-27","44","0"
"Lila Labor & Postpartum Gown in Sage","Sage / Slim Petite","2026-07-27","173","7"
"Finley Romper in Sage","Sage / Newborn","2026-07-27","0","0"
"Lila Labor & Postpartum Gown in Midnight Blue","Midnight Blue / Slim Petite","2026-07-27","48","21"
"Finley Romper in Sage","Sage / 3-6 Months","2026-07-27","0","0"
"Lila Labor & Postpartum Gown in Vintage Floral","Vintage Floral / Full Figure","2026-08-03","183","17"
"Robes in Vintage Floral","Laura Robe / Long","2026-08-03","45","5"
"Lila Labor & Postpartum Gown in Dusty Rose","Dusty Rose / Curve","2026-08-03","55","5"
"Amelia Labor & Postpartum Gown in Deep Teal","Deep Teal / Slim Petite","2026-08-03","58","3"
"The Cameron Unisex Nursing and Skin to Skin Shirt in Plum","2XL","2026-08-03","65","0"
"The Cameron Unisex Nursing and Skin to Skin Shirt in Emerald","Large","2026-08-03","17","0"
"Lila Labor & Postpartum Gown in Black","Black / Curve","2026-08-03","220","19"
"The Cameron Unisex Nursing and Skin to Skin Shirt in Deep Teal","Small","2026-08-03","69","2"
"Finley Romper in Plum","Plum / 6-9 Months","2026-08-03","112","0"
"Finley Romper in Black","Black / Newborn","2026-08-03","62","2"
"Robes in Deep Teal","Laura Robe / Long","2026-08-03","53","4"
"Robes in Vintage Floral","Mia Robe / Short","2026-08-03","96","8"
"Finley Romper in Periwinkle","Periwinkle / 3-6 Months","2026-08-03","29","2"
"Finley Romper in Plum","Plum / 3-6 Months","2026-08-03","-1","0"
"Amelia Labor & Postpartum Gown in Dusty Rose","Dusty Rose / Standard","2026-08-03","131","24"
"Robes in Lilac","Laura Robe / Long","2026-08-03","69","2"
"Lila Labor & Postpartum Gown in Sage","Sage / Full Figure","2026-08-03","79","12"
"Finley Romper in Vintage Floral","Vintage Floral / 9-12 Months","2026-08-03","21","0"
"Lila Labor & Postpartum Gown in Mocha","Mocha / Slim Petite","2026-08-03","32","3"
"Finley Romper in Midnight Blue","Midnight Blue / 12-16 Months","2026-08-03","20","0"
"Finley Romper in Emerald","Emerald / 18-24 Months","2026-08-03","-1","0"
"The Cameron Unisex Nursing and Skin to Skin Shirt in Emerald","Small","2026-08-03","36","1"
"Amelia Labor & Postpartum Gown in Vintage Floral","Vintage Floral / Standard","2026-08-03","57","3"
"Robes in Dusty Rose","Mia Robe / Short","2026-08-03","36","1"
"Amelia Labor & Postpartum Gown in Deep Teal","Deep Teal / Curve","2026-08-03","11","3"
"The Cameron Unisex Nursing and Skin to Skin Shirt in Plum","Large","2026-08-03","47","2"
"Finley Romper in Deep Teal","Deep Teal / 6-9 Months","2026-08-03","16","0"
"Lila Labor & Postpartum Gown in Dusty Rose","Dusty Rose / Standard","2026-08-03","554","58"
"Robes in Emerald","Laura Robe / Long","2026-08-03","61","1"
"TENS Unit for Labor Replacement Pads","Small","2026-08-03","1700","0"
"The Cameron Unisex Nursing and Skin to Skin Shirt in Black","2XL","2026-08-03","82","4"
"Lila Labor & Postpartum Gown in Black","Black / Full Figure","2026-08-03","503","37"
"Robes in Black","Laura Robe / Long","2026-08-03","74","2"
"Lila Labor & Postpartum Gown in Dusty Rose","Dusty Rose / Full Figure","2026-08-03","183","13"
"Lila Labor & Postpartum Gown in Emerald","Emerald / Standard","2026-08-03","123","21"
"The Cameron Unisex Nursing and Skin to Skin Shirt in Black","Medium","2026-08-03","137","2"
"Finley Romper in Deep Teal","Deep Teal / 12-16 Months","2026-08-03","64","0"
"Finley Romper in Dusty Rose","Dusty Rose / Newborn","2026-08-03","22","0"
"Finley Romper in Deep Teal","Deep Teal / Newborn","2026-08-03","73","7"
"Finley Romper in Lilac","Lilac / Newborn","2026-08-03","17","0"
"Finley Romper in Periwinkle","Periwinkle / Newborn","2026-08-03","-2","1"
"Lila Labor & Postpartum Gown in Midnight Blue","Midnight Blue / Curve","2026-08-03","19","13"
"Finley Romper in Midnight Blue","Midnight Blue / 3-6 Months","2026-08-03","38","0"
"Lila Labor & Postpartum Gown in Charcoal Grey","Charcoal Grey / Curve","2026-08-03","45","2"
"Lila Labor & Postpartum Gown in Midnight Blue","Midnight Blue / Slim Petite","2026-08-03","29","19"
"Finley Romper in Midnight Blue","Midnight Blue / Newborn","2026-08-03","-5","1"
"Lila Labor & Postpartum Gown in Charcoal Grey","Charcoal Grey / Petite","2026-08-03","4","4"
"The Cameron Unisex Nursing and Skin to Skin Shirt in Midnight Blue","Extra Large","2026-08-03","130","0"
"Robes in Periwinkle","Laura Robe / Long","2026-08-03","114","3"
"Baby Swaddle Set: Plum","Hat & Bow","2026-08-03","53","2"
"Amelia Labor & Postpartum Gown in Black","Black / Slim Petite","2026-08-03","152","3"
"The Cameron Unisex Nursing and Skin to Skin Shirt in Deep Teal","Extra Large","2026-08-03","50","2"
"Lila Labor & Postpartum Gown in Deep Teal","Deep Teal / Full Figure","2026-08-03","455","8"
"The Cameron Unisex Nursing and Skin to Skin Shirt in Sage","Extra Large","2026-08-03","97","3"
"The Cameron Unisex Nursing and Skin to Skin Shirt in Midnight Blue","Medium","2026-08-03","124","1"
"Amelia Labor & Postpartum Gown in Sage","Sage / Curve","2026-08-03","22","0"
"Amelia Labor & Postpartum Gown in Periwinkle","Periwinkle / Full Figure","2026-08-03","81","2"
"Amelia Labor & Postpartum Gown Lilac","Standard","2026-08-03","20","3"
"The Cameron Unisex Nursing and Skin to Skin Shirt in Midnight Blue","2XL","2026-08-03","50","3"
"Finley Romper in Vintage Floral","Vintage Floral / 18-24 Months","2026-08-03","15","0"
"Amelia Labor & Postpartum Gown in Deep Teal","Deep Teal / Standard","2026-08-03","3","0"
"The Cameron Unisex Nursing and Skin to Skin Shirt in Black","Large","2026-08-03","82","3"
"Amelia Labor & Postpartum Gown in Sage","Sage / Standard","2026-08-03","85","1"
"Amelia Labor & Postpartum Gown in Sage","Sage / Full Figure","2026-08-03","37","1"
"Lila Labor & Postpartum Gown in Emerald","Emerald / Slim Petite","2026-08-03","35","1"
"Finley Romper in Plum","Plum / Newborn","2026-08-03","78","1"
"The Cameron Unisex Nursing and Skin to Skin Shirt in Emerald","2XL","2026-08-03","41","0"
"The Cameron Unisex Nursing and Skin to Skin Shirt in Emerald","Medium","2026-08-03","36","0"
"Lila Labor & Postpartum Gown in Charcoal Grey","Charcoal Grey / Full Figure","2026-08-03","14","5"
"Baby Swaddle Set: Black","Hat & Bow","2026-08-03","142","5"
"Lila Labor & Postpartum Gown in Mocha","Mocha / Curve","2026-08-03","45","0"
"Robes in Periwinkle","Mia Robe / Short","2026-08-03","119","0"
"Finley Romper in Deep Teal","Deep Teal / 9-12 Months","2026-08-03","64","0"
"Robes in Midnight Blue","Mia Robe / Short","2026-08-03","65","2"
"Lila Labor & Postpartum Gown in Midnight Blue","Midnight Blue / Standard","2026-08-03","6","7"
"The Cameron Unisex Nursing and Skin to Skin Shirt in Plum","Medium","2026-08-03","32","0"
"Amelia Labor & Postpartum Gown in Vintage Floral","Vintage Floral / Curve","2026-08-03","27","0"
"Finley Romper in Emerald","Emerald / 3-6 Months","2026-08-03","63","0"
"Lila Labor & Postpartum Gown in Lilac","Lilac / Slim Petite","2026-08-03","-2","0"
"The Cameron Unisex Nursing and Skin to Skin Shirt in Black","Small","2026-08-03","12","0"
"Amelia Labor & Postpartum Gown in Dusty Rose","Dusty Rose / Curve","2026-08-03","57","3"
"The Cameron Unisex Nursing and Skin to Skin Shirt in Deep Teal","Medium","2026-08-03","16","3"
"Amelia Labor & Postpartum Gown in Periwinkle","Periwinkle / Standard","2026-08-03","34","4"
"Robes in Lilac","Mia Robe / Short","2026-08-03","91","1"
"Finley Romper in Emerald","Emerald / 6-9 Months","2026-08-03","17","0"
"Finley Romper in Emerald","Emerald / 9-12 Months","2026-08-03","82","0"
"Amelia Labor & Postpartum Gown in Sage","Sage / Petite","2026-08-03","70","0"
"Lila Labor & Postpartum Gown in Periwinkle Blue","Periwinkle / Full Figure","2026-08-03","207","16"
"Lila Labor & Postpartum Gown in Periwinkle Blue","Periwinkle / Slim Petite","2026-08-03","18","12"
"Lila Labor & Postpartum Gown in Sage","Sage / Standard","2026-08-03","69","49"
"Amelia Labor & Postpartum Gown in Mocha","Mocha / Standard","2026-08-03","43","7"
"Amelia Labor & Postpartum Gown in Emerald","Emerald / Curve","2026-08-03","50","2"
"The Cameron Unisex Nursing and Skin to Skin Shirt in Sage","Small","2026-08-03","39","1"
"Finley Romper in Periwinkle","Periwinkle / 6-9 Months","2026-08-03","44","0"
"TENS Unit for Labor Replacement Pads","Large","2026-08-03","199","1"
"Baby Swaddle Set: Lilac","Hat & Bow","2026-08-03","86","5"
"Finley Romper in Black","Black / 3-6 Months","2026-08-03","84","1"
"Finley Romper in Periwinkle","Periwinkle / 18-24 Months","2026-08-03","19","0"
"Lila Labor & Postpartum Gown in Deep Teal","Deep Teal / Curve","2026-08-03","150","5"
"Finley Romper in Vintage Floral","Vintage Floral / 6-9 Months","2026-08-03","8","0"
"Finley Romper in Vintage Floral","Vintage Floral / Newborn","2026-08-03","10","8"
"Amelia Labor & Postpartum Gown in Plum","Plum / Full Figure","2026-08-03","75","4"
"The Cameron Unisex Nursing and Skin to Skin Shirt in Deep Teal","Large","2026-08-03","22","1"
"Finley Romper in Dusty Rose","Dusty Rose / 6-9 Months","2026-08-03","31","0"
"Finley Romper in Midnight Blue","Midnight Blue / 6-9 Months","2026-08-03","21","0"
"Amelia Labor & Postpartum Gown in Midnight Blue","Midnight Blue / Standard","2026-08-03","33","7"
"Amelia Labor & Postpartum Gown in Charcoal Grey","Charcoal Grey / Curve","2026-08-03","128","0"
"Robes in Dusty Rose","Laura Robe / Long","2026-08-03","20","3"
"Amelia Labor & Postpartum Gown in Emerald","Emerald / Standard","2026-08-03","76","1"
"The Cameron Unisex Nursing and Skin to Skin Shirt in Plum","Extra Large","2026-08-03","41","2"
"TENS Unit for Labor Replacement Pads","Both Sizes","2026-08-03","188","12"
"Robes in Midnight Blue","Laura Robe / Long","2026-08-03","33","0"
"The Cameron Unisex Nursing and Skin to Skin Shirt in Black","Extra Large","2026-08-03","119","8"
"Lila Labor & Postpartum Gown in Mocha","Mocha / Standard","2026-08-03","5","0"
"Finley Romper in Lilac","Lilac / 3-6 Months","2026-08-03","31","0"
"Finley Romper in Periwinkle","Periwinkle / 9-12 Months","2026-08-03","20","0"
"Robes in Sage","Laura Robe / Long","2026-08-03","88","6"
"Finley Romper in Vintage Floral","Vintage Floral / 12-18 Months","2026-08-03","9","0"
"Lila Labor & Postpartum Gown in Mocha","Mocha / Full Figure","2026-08-03","9","3"
"Lila Labor & Postpartum Gown in Black","Black / Slim Petite","2026-08-03","528","25"
"Lila Labor & Postpartum Gown in Plum","Plum / Full Figure","2026-08-03","192","18"
"Finley Romper in Emerald","Emerald / Newborn","2026-08-03","-6","0"
"Lila Labor & Postpartum Gown in Plum","Plum / Curve","2026-08-03","2","0"
"Lila Labor & Postpartum Gown in Lilac","Lilac / Standard","2026-08-03","92","20"
"Lila Labor & Postpartum Gown in Midnight Blue","Midnight Blue / Full Figure","2026-08-03","44","25"
"Lila Labor & Postpartum Gown in Emerald","Emerald / Curve","2026-08-03","1","6"
"Amelia Labor & Postpartum Gown in Periwinkle","Periwinkle / Slim Petite","2026-08-03","27","2"
"Finley Romper in Black","Black / 6-9 Months","2026-08-03","3","0"
"Finley Romper in Dusty Rose","Dusty Rose / 3-6 Months","2026-08-03","99","0"
"Finley Romper in Black","Black / 12-18 Months","2026-08-03","40","0"
"Amelia Labor & Postpartum Gown in Emerald","Emerald / Petite","2026-08-03","63","1"
"Finley Romper in Periwinkle","Periwinkle / 12-18 Months","2026-08-03","19","0"
"Lila Labor & Postpartum Gown in Dusty Rose","Dusty Rose / Slim Petite","2026-08-03","102","20"
"Lila Labor & Postpartum Gown in Charcoal Grey","Charcoal Grey / Standard","2026-08-03","4","5"
"Baby Swaddle Set: Plum","Bow","2026-08-03","2","16"
"The Cameron Unisex Nursing and Skin to Skin Shirt in Midnight Blue","Large","2026-08-03","179","5"
"Finley Romper in Black","Black / 18-24 Months","2026-08-03","83","0"
"Lila Labor & Postpartum Gown in Sage","Sage / Petite","2026-08-03","0","0"
"Lila Labor & Postpartum Gown in Sage","Sage / Slim Petite","2026-08-03","167","6"
"Amelia Labor & Postpartum Gown in Charcoal Grey","Charcoal Grey / Petite","2026-08-03","119","0"
"Lila Labor & Postpartum Gown in Vintage Floral","Vintage Floral / Standard","2026-08-03","54","42"
"Baby Swaddle Set: Dusty Rose","Hat & Bow","2026-08-03","32","28"
"Amelia Labor & Postpartum Gown in Midnight Blue","Midnight Blue / Slim Petite","2026-08-03","70","1"
"Amelia Labor & Postpartum Gown in Periwinkle","Periwinkle / Curve","2026-08-03","39","0"
"Finley Romper in Dusty Rose","Dusty Rose / 9-12 Months","2026-08-03","22","0"
"Baby Swaddle Set: Periwinkle","Hat & Bow","2026-08-03","3","0"
"Robes in Sage","Mia Robe / Short","2026-08-03","65","1"
"Lila Labor & Postpartum Gown in Periwinkle Blue","Periwinkle / Curve","2026-08-03","174","1"
"Lila Labor & Postpartum Gown in Deep Teal","Deep Teal / Standard","2026-08-03","241","33"
"The Cameron Unisex Nursing and Skin to Skin Shirt in Sage","Large","2026-08-03","94","3"
"Amelia Labor & Postpartum Gown Lilac","Full Figure","2026-08-03","33","0"
"Amelia Labor & Postpartum Gown in Plum","Plum / Slim Petite","2026-08-03","35","3"
"Amelia Labor & Postpartum Gown Lilac","Curve","2026-08-03","53","0"
"Amelia Labor & Postpartum Gown in Plum","Plum / Standard","2026-08-03","72","13"
"Amelia Labor & Postpartum Gown in Vintage Floral","Vintage Floral / Full Figure","2026-08-03","13","1"
"Baby Swaddle Set: Midnight Blue","Hat & Bow","2026-08-03","24","16"
"Lila Labor & Postpartum Gown in Plum","Plum / Slim Petite","2026-08-03","7","10"
"Amelia Labor & Postpartum Gown in Black","Black / Standard","2026-08-03","226","8"
"Amelia Labor & Postpartum Gown in Dusty Rose","Dusty Rose / Slim Petite","2026-08-03","103","7"
"TENS Unit for Labor","Default Title","2026-08-03","588","173"
"Amelia Labor & Postpartum Gown in Emerald","Emerald / Full Figure","2026-08-03","78","0"
"Baby Swaddle Set: Deep Teal","Hat & Bow","2026-08-03","2","0"
"The Cameron Unisex Nursing and Skin to Skin Shirt in Sage","2XL","2026-08-03","110","1"
"Finley Romper in Sage","Sage / 6-9 Months","2026-08-03","12","0"
"The Cameron Unisex Nursing and Skin to Skin Shirt in Sage","Medium","2026-08-03","151","5"
"Finley Romper in Midnight Blue","Midnight Blue / 9-12 Months","2026-08-03","31","0"
"Amelia Labor & Postpartum Gown in Mocha","Mocha / Slim Petite","2026-08-03","59","0"
"Robes in Deep Teal","Mia Robe / Short","2026-08-03","35","0"
"Baby Swaddle Set: Vintage Floral","Hat & Bow","2026-08-03","21","19"
"Robes in Plum","Laura Robe / Long","2026-08-03","11","12"
"Amelia Labor & Postpartum Gown in Mocha","Mocha / Curve","2026-08-03","59","0"
"Finley Romper in Sage","Sage / Newborn","2026-08-03","0","0"
"Amelia Labor & Postpartum Gown in Midnight Blue","Midnight Blue / Curve","2026-08-03","59","0"
"Amelia Labor & Postpartum Gown in Plum","Plum / Curve","2026-08-03","21","6"
"Amelia Labor & Postpartum Gown in Charcoal Grey","Charcoal Grey / Standard","2026-08-03","114","2"
"Amelia Labor & Postpartum Gown in Deep Teal","Deep Teal / Full Figure","2026-08-03","70","4"
"The Cameron Unisex Nursing and Skin to Skin Shirt in Midnight Blue","Small","2026-08-03","56","0"
"Lila Labor & Postpartum Gown in Lilac","Lilac / Curve","2026-08-03","35","3"
"Robes in Plum","Mia Robe / Short","2026-08-03","39","2"
"Finley Romper in Lilac","Lilac / 6-9 Months","2026-08-03","18","0"
"Robes in Emerald","Mia Robe / Short","2026-08-03","59","1"
"Amelia Labor & Postpartum Gown in Black","Black / Full Figure","2026-08-03","96","4"
"Lila Labor & Postpartum Gown in Vintage Floral","Vintage Floral / Curve","2026-08-03","29","5"
"Amelia Labor & Postpartum Gown in Charcoal Grey","Charcoal Grey / Full Figure","2026-08-03","115","0"
"Amelia Labor & Postpartum Gown in Dusty Rose","Dusty Rose / Full Figure","2026-08-03","165","9"
"Lila Labor & Postpartum Gown in Periwinkle Blue","Periwinkle / Standard","2026-08-03","45","54"
"Robes in Black","Mia Robe / Short","2026-08-03","5","3"
"Baby Swaddle Set: Sage","Hat & Bow","2026-08-03","3","26"
"Amelia Labor & Postpartum Gown in Vintage Floral","Vintage Floral / Petite","2026-08-03","59","0"
"Amelia Labor & Postpartum Gown in Mocha","Mocha / Full Figure","2026-08-03","39","4"
"Amelia Labor & Postpartum Gown Lilac","Slim Petite","2026-08-03","41","0"
"Lila Labor & Postpartum Gown in Vintage Floral","Vintage Floral / Slim Petite","2026-08-03","391","9"
"The Cameron Unisex Nursing and Skin to Skin Shirt in Deep Teal","2XL","2026-08-03","25","0"
"Finley Romper in Vintage Floral","Vintage Floral / 3-6 Months","2026-08-03","6","2"
"Finley Romper in Deep Teal","Deep Teal / 3-6 Months","2026-08-03","7","2"
"Amelia Labor & Postpartum Gown in Midnight Blue","Midnight Blue / Full Figure","2026-08-03","-1","0"
"Lila Labor & Postpartum Gown in Black","Black / Standard","2026-08-03","886","82"
"Finley Romper in Midnight Blue","Midnight Blue / 16-24 Months","2026-08-03","24","1"
"Lila Labor & Postpartum Gown in Lilac","Lilac / Full Figure","2026-08-03","40","8"
"Amelia Labor & Postpartum Gown in Black","Black / Curve","2026-08-03","79","5"
"Lila Labor & Postpartum Gown in Deep Teal","Deep Teal / Slim Petite","2026-08-03","321","9"
"Lila Labor & Postpartum Gown in Emerald","Emerald / Full Figure","2026-08-03","32","4"
"Finley Romper in Sage","Sage / 3-6 Months","2026-08-03","0","0"
"The Cameron Unisex Nursing and Skin to Skin Shirt in Plum","Small","2026-08-03","34","0"
"Baby Swaddle Set: Emerald","Hat & Bow","2026-08-03","58","6"
"The Cameron Unisex Nursing and Skin to Skin Shirt in Emerald","Extra Large","2026-08-03","39","1"
"Finley Romper in Deep Teal","Deep Teal / 16-24 Months","2026-08-03","63","0"
"Lila Labor & Postpartum Gown in Sage","Sage / Curve","2026-08-03","67","3"
"Lila Labor & Postpartum Gown in Plum","Plum / Standard","2026-08-03","126","44"
"Finley Romper in Black","Black / 9-12 Months","2026-08-03","60","0"
"Finley Romper in Emerald","Emerald / Newborn","2026-08-10","-6","0"
"Baby Swaddle Set: Lilac","Hat & Bow","2026-08-10","76","10"
"Amelia Labor & Postpartum Gown in Dusty Rose","Dusty Rose / Full Figure","2026-08-10","158","7"
"Robes in Black","Mia Robe / Short","2026-08-10","5","0"
"Lila Labor & Postpartum Gown in Periwinkle Blue","Periwinkle / Standard","2026-08-10","8","39"
"The Cameron Unisex Nursing and Skin to Skin Shirt in Plum","Medium","2026-08-10","28","4"
"Finley Romper in Emerald","Emerald / 3-6 Months","2026-08-10","63","0"
"Amelia Labor & Postpartum Gown in Vintage Floral","Vintage Floral / Curve","2026-08-10","25","2"
"The Cameron Unisex Nursing and Skin to Skin Shirt in Emerald","2XL","2026-08-10","41","0"
"Lila Labor & Postpartum Gown in Dusty Rose","Dusty Rose / Full Figure","2026-08-10","158","25"
"Lila Labor & Postpartum Gown in Sage","Sage / Curve","2026-08-10","61","8"
"Baby Swaddle Set: Emerald","Hat & Bow","2026-08-10","52","6"
"The Cameron Unisex Nursing and Skin to Skin Shirt in Plum","Small","2026-08-10","34","0"
"Finley Romper in Emerald","Emerald / 9-12 Months","2026-08-10","82","0"
"Finley Romper in Vintage Floral","Vintage Floral / 18-24 Months","2026-08-10","14","1"
"Lila Labor & Postpartum Gown in Emerald","Emerald / Full Figure","2026-08-10","3","3"
"Lila Labor & Postpartum Gown in Deep Teal","Deep Teal / Slim Petite","2026-08-10","315","6"
"Lila Labor & Postpartum Gown in Midnight Blue","Midnight Blue / Slim Petite","2026-08-10","4","26"
"Finley Romper in Vintage Floral","Vintage Floral / 12-18 Months","2026-08-10","9","0"
"Robes in Sage","Laura Robe / Long","2026-08-10","80","8"
"Finley Romper in Periwinkle","Periwinkle / 9-12 Months","2026-08-10","20","0"
"Lila Labor & Postpartum Gown in Black","Black / Standard","2026-08-10","797","93"
"Amelia Labor & Postpartum Gown in Periwinkle","Periwinkle / Curve","2026-08-10","38","1"
"Finley Romper in Dusty Rose","Dusty Rose / 3-6 Months","2026-08-10","99","0"
"Finley Romper in Black","Black / 6-9 Months","2026-08-10","3","0"
"Amelia Labor & Postpartum Gown in Plum","Plum / Full Figure","2026-08-10","69","6"
"Finley Romper in Midnight Blue","Midnight Blue / 3-6 Months","2026-08-10","38","0"
"Lila Labor & Postpartum Gown in Midnight Blue","Midnight Blue / Full Figure","2026-08-10","9","38"
"Lila Labor & Postpartum Gown in Lilac","Lilac / Standard","2026-08-10","63","29"
"Lila Labor & Postpartum Gown in Mocha","Mocha / Curve","2026-08-10","42","3"
"Finley Romper in Emerald","Emerald / 18-24 Months","2026-08-10","-1","0"
"Amelia Labor & Postpartum Gown in Deep Teal","Deep Teal / Curve","2026-08-10","6","5"
"Lila Labor & Postpartum Gown in Sage","Sage / Standard","2026-08-10","22","47"
"Lila Labor & Postpartum Gown in Lilac","Lilac / Full Figure","2026-08-10","29","11"
"Amelia Labor & Postpartum Gown in Black","Black / Curve","2026-08-10","73","6"
"Baby Swaddle Set: Sage","Hat & Bow","2026-08-10","234","24"
"Robes in Dusty Rose","Laura Robe / Long","2026-08-10","14","6"
"Amelia Labor & Postpartum Gown in Sage","Sage / Petite","2026-08-10","69","1"
"Finley Romper in Black","Black / 9-12 Months","2026-08-10","60","0"
"The Cameron Unisex Nursing and Skin to Skin Shirt in Emerald","Medium","2026-08-10","36","0"
"Lila Labor & Postpartum Gown in Deep Teal","Deep Teal / Curve","2026-08-10","140","10"
"Finley Romper in Vintage Floral","Vintage Floral / 6-9 Months","2026-08-10","8","0"
"Baby Swaddle Set: Deep Teal","Hat & Bow","2026-08-10","236","21"
"Lila Labor & Postpartum Gown in Black","Black / Curve","2026-08-10","196","25"
"Lila Labor & Postpartum Gown in Dusty Rose","Dusty Rose / Standard","2026-08-10","482","74"
"Amelia Labor & Postpartum Gown in Dusty Rose","Dusty Rose / Slim Petite","2026-08-10","90","13"
"Lila Labor & Postpartum Gown in Lilac","Lilac / Slim Petite","2026-08-10","-2","0"
"Finley Romper in Lilac","Lilac / Newborn","2026-08-10","17","0"
"Finley Romper in Lilac","Lilac / 6-9 Months","2026-08-10","18","0"
"Robes in Emerald","Mia Robe / Short","2026-08-10","58","1"
"Robes in Deep Teal","Mia Robe / Short","2026-08-10","33","3"
"The Cameron Unisex Nursing and Skin to Skin Shirt in Black","Large","2026-08-10","76","6"
"Amelia Labor & Postpartum Gown in Sage","Sage / Full Figure","2026-08-10","36","1"
"Amelia Labor & Postpartum Gown in Sage","Sage / Standard","2026-08-10","84","1"
"Finley Romper in Black","Black / Newborn","2026-08-10","58","4"
"Lila Labor & Postpartum Gown in Deep Teal","Deep Teal / Standard","2026-08-10","201","42"
"Lila Labor & Postpartum Gown in Periwinkle Blue","Periwinkle / Curve","2026-08-10","167","7"
"Robes in Sage","Mia Robe / Short","2026-08-10","65","0"
"Amelia Labor & Postpartum Gown in Black","Black / Slim Petite","2026-08-10","145","7"
"Baby Swaddle Set: Plum","Hat & Bow","2026-08-10","378","15"
"Lila Labor & Postpartum Gown in Vintage Floral","Vintage Floral / Standard","2026-08-10","18","37"
"Finley Romper in Periwinkle","Periwinkle / Newborn","2026-08-10","-2","0"
"Finley Romper in Black","Black / 3-6 Months","2026-08-10","82","2"
"Finley Romper in Plum","Plum / 6-9 Months","2026-08-10","112","0"
"Amelia Labor & Postpartum Gown in Vintage Floral","Vintage Floral / Petite","2026-08-10","59","0"
"Lila Labor & Postpartum Gown in Mocha","Mocha / Slim Petite","2026-08-10","28","4"
"Finley Romper in Periwinkle","Periwinkle / 12-18 Months","2026-08-10","19","0"
"The Cameron Unisex Nursing and Skin to Skin Shirt in Sage","Medium","2026-08-10","150","1"
"Finley Romper in Midnight Blue","Midnight Blue / 9-12 Months","2026-08-10","31","0"
"Robes in Midnight Blue","Laura Robe / Long","2026-08-10","31","2"
"TENS Unit for Labor Replacement Pads","Both Sizes","2026-08-10","163","25"
"The Cameron Unisex Nursing and Skin to Skin Shirt in Black","Extra Large","2026-08-10","116","3"
"The Cameron Unisex Nursing and Skin to Skin Shirt in Sage","2XL","2026-08-10","108","3"
"Amelia Labor & Postpartum Gown in Periwinkle","Periwinkle / Slim Petite","2026-08-10","27","0"
"Amelia Labor & Postpartum Gown Lilac","Slim Petite","2026-08-10","40","1"
"Lila Labor & Postpartum Gown in Vintage Floral","Vintage Floral / Slim Petite","2026-08-10","381","12"
"Lila Labor & Postpartum Gown in Charcoal Grey","Charcoal Grey / Petite","2026-08-10","3","1"
"Finley Romper in Deep Teal","Deep Teal / 3-6 Months","2026-08-10","7","0"
"Finley Romper in Vintage Floral","Vintage Floral / 3-6 Months","2026-08-10","5","1"
"Lila Labor & Postpartum Gown in Black","Black / Full Figure","2026-08-10","455","49"
"Lila Labor & Postpartum Gown in Mocha","Mocha / Full Figure","2026-08-10","5","4"
"Baby Swaddle Set: Dusty Rose","Hat & Bow","2026-08-10","254","30"
"Amelia Labor & Postpartum Gown in Midnight Blue","Midnight Blue / Slim Petite","2026-08-10","68","2"
"Finley Romper in Emerald","Emerald / 6-9 Months","2026-08-10","17","0"
"Robes in Lilac","Mia Robe / Short","2026-08-10","90","1"
"Amelia Labor & Postpartum Gown in Periwinkle","Periwinkle / Standard","2026-08-10","26","8"
"Lila Labor & Postpartum Gown in Emerald","Emerald / Curve","2026-08-10","0","1"
"TENS Unit for Labor","Default Title","2026-08-10","2837","158"
"Amelia Labor & Postpartum Gown in Emerald","Emerald / Full Figure","2026-08-10","77","1"
"Amelia Labor & Postpartum Gown in Charcoal Grey","Charcoal Grey / Full Figure","2026-08-10","113","2"
"The Cameron Unisex Nursing and Skin to Skin Shirt in Plum","2XL","2026-08-10","64","1"
"Finley Romper in Midnight Blue","Midnight Blue / 12-16 Months","2026-08-10","20","0"
"Finley Romper in Deep Teal","Deep Teal / 9-12 Months","2026-08-10","64","0"
"Lila Labor & Postpartum Gown in Midnight Blue","Midnight Blue / Standard","2026-08-10","8","0"
"Robes in Midnight Blue","Mia Robe / Short","2026-08-10","64","1"
"Amelia Labor & Postpartum Gown in Midnight Blue","Midnight Blue / Full Figure","2026-08-10","58","0"
"The Cameron Unisex Nursing and Skin to Skin Shirt in Plum","Extra Large","2026-08-10","41","0"
"Amelia Labor & Postpartum Gown in Emerald","Emerald / Standard","2026-08-10","74","2"
"The Cameron Unisex Nursing and Skin to Skin Shirt in Deep Teal","Large","2026-08-10","18","4"
"Finley Romper in Midnight Blue","Midnight Blue / Newborn","2026-08-10","-5","0"
"Finley Romper in Sage","Sage / 6-9 Months","2026-08-10","12","0"
"Robes in Deep Teal","Laura Robe / Long","2026-08-10","52","1"
"Finley Romper in Dusty Rose","Dusty Rose / 6-9 Months","2026-08-10","31","0"
"The Cameron Unisex Nursing and Skin to Skin Shirt in Black","Small","2026-08-10","12","0"
"Finley Romper in Black","Black / 18-24 Months","2026-08-10","83","0"
"Robes in Vintage Floral","Laura Robe / Long","2026-08-10","126","9"
"Lila Labor & Postpartum Gown in Vintage Floral","Vintage Floral / Full Figure","2026-08-10","157","26"
"Lila Labor & Postpartum Gown in Dusty Rose","Dusty Rose / Curve","2026-08-10","51","5"
"Amelia Labor & Postpartum Gown in Deep Teal","Deep Teal / Full Figure","2026-08-10","60","10"
"Amelia Labor & Postpartum Gown in Charcoal Grey","Charcoal Grey / Standard","2026-08-10","111","3"
"Amelia Labor & Postpartum Gown in Plum","Plum / Curve","2026-08-10","18","3"
"Finley Romper in Deep Teal","Deep Teal / 12-16 Months","2026-08-10","64","0"
"Finley Romper in Deep Teal","Deep Teal / Newborn","2026-08-10","72","2"
"Finley Romper in Dusty Rose","Dusty Rose / Newborn","2026-08-10","21","1"
"Lila Labor & Postpartum Gown in Emerald","Emerald / Standard","2026-08-10","109","14"
"Finley Romper in Plum","Plum / Newborn","2026-08-10","75","3"
"Amelia Labor & Postpartum Gown in Black","Black / Full Figure","2026-08-10","89","7"
"Robes in Emerald","Laura Robe / Long","2026-08-10","59","2"
"Finley Romper in Deep Teal","Deep Teal / 16-24 Months","2026-08-10","63","0"
"Finley Romper in Dusty Rose","Dusty Rose / 9-12 Months","2026-08-10","21","0"
"Lila Labor & Postpartum Gown in Black","Black / Slim Petite","2026-08-10","496","33"
"Lila Labor & Postpartum Gown in Plum","Plum / Full Figure","2026-08-10","168","26"
"Finley Romper in Deep Teal","Deep Teal / 6-9 Months","2026-08-10","16","0"
"The Cameron Unisex Nursing and Skin to Skin Shirt in Plum","Large","2026-08-10","45","2"
"Lila Labor & Postpartum Gown in Sage","Sage / Petite","2026-08-10","0","0"
"The Cameron Unisex Nursing and Skin to Skin Shirt in Midnight Blue","Large","2026-08-10","178","1"
"Baby Swaddle Set: Black","Hat & Bow","2026-08-10","135","7"
"Baby Swaddle Set: Midnight Blue","Hat & Bow","2026-08-10","174","20"
"Robes in Periwinkle","Mia Robe / Short","2026-08-10","119","1"
"Amelia Labor & Postpartum Gown in Mocha","Mocha / Standard","2026-08-10","38","5"
"The Cameron Unisex Nursing and Skin to Skin Shirt in Black","Medium","2026-08-10","133","4"
"Lila Labor & Postpartum Gown in Plum","Plum / Standard","2026-08-10","50","77"
"Amelia Labor & Postpartum Gown in Emerald","Emerald / Petite","2026-08-10","63","0"
"Baby Swaddle Set: Plum","Bow","2026-08-10","0","2"
"Lila Labor & Postpartum Gown in Charcoal Grey","Charcoal Grey / Full Figure","2026-08-10","10","4"
"Amelia Labor & Postpartum Gown in Plum","Plum / Slim Petite","2026-08-10","32","3"
"The Cameron Unisex Nursing and Skin to Skin Shirt in Emerald","Extra Large","2026-08-10","39","0"
"Robes in Plum","Mia Robe / Short","2026-08-10","38","1"
"Baby Swaddle Set: Periwinkle","Hat & Bow","2026-08-10","0","2"
"Lila Labor & Postpartum Gown in Midnight Blue","Midnight Blue / Curve","2026-08-10","12","7"
"Lila Labor & Postpartum Gown in Charcoal Grey","Charcoal Grey / Curve","2026-08-10","44","1"
"The Cameron Unisex Nursing and Skin to Skin Shirt in Midnight Blue","Small","2026-08-10","56","0"
"Finley Romper in Sage","Sage / Newborn","2026-08-10","0","0"
"The Cameron Unisex Nursing and Skin to Skin Shirt in Emerald","Small","2026-08-10","36","0"
"Robes in Plum","Laura Robe / Long","2026-08-10","121","10"
"Amelia Labor & Postpartum Gown in Periwinkle","Periwinkle / Full Figure","2026-08-10","81","1"
"Amelia Labor & Postpartum Gown in Sage","Sage / Curve","2026-08-10","21","1"
"Amelia Labor & Postpartum Gown in Emerald","Emerald / Curve","2026-08-10","50","0"
"The Cameron Unisex Nursing and Skin to Skin Shirt in Sage","Small","2026-08-10","39","0"
"Lila Labor & Postpartum Gown in Deep Teal","Deep Teal / Full Figure","2026-08-10","438","17"
"The Cameron Unisex Nursing and Skin to Skin Shirt in Sage","Extra Large","2026-08-10","93","4"
"Lila Labor & Postpartum Gown in Periwinkle Blue","Periwinkle / Full Figure","2026-08-10","187","20"
"Lila Labor & Postpartum Gown in Mocha","Mocha / Standard","2026-08-10","4","1"
"Amelia Labor & Postpartum Gown in Deep Teal","Deep Teal / Standard","2026-08-10","3","0"
"Lila Labor & Postpartum Gown in Emerald","Emerald / Slim Petite","2026-08-10","31","4"
"Finley Romper in Vintage Floral","Vintage Floral / Newborn","2026-08-10","3","7"
"Amelia Labor & Postpartum Gown in Mocha","Mocha / Full Figure","2026-08-10","38","1"
"TENS Unit for Labor Replacement Pads","Large","2026-08-10","189","10"
"Amelia Labor & Postpartum Gown in Black","Black / Standard","2026-08-10","219","7"
"Finley Romper in Sage","Sage / 3-6 Months","2026-08-10","0","0"
"Lila Labor & Postpartum Gown in Plum","Plum / Curve","2026-08-10","2","0"
"Lila Labor & Postpartum Gown in Plum","Plum / Slim Petite","2026-08-10","0","8"
"Amelia Labor & Postpartum Gown in Deep Teal","Deep Teal / Slim Petite","2026-08-10","56","2"
"Finley Romper in Midnight Blue","Midnight Blue / 16-24 Months","2026-08-10","24","0"
"The Cameron Unisex Nursing and Skin to Skin Shirt in Sage","Large","2026-08-10","88","7"
"Amelia Labor & Postpartum Gown Lilac","Full Figure","2026-08-10","32","1"
"Amelia Labor & Postpartum Gown in Mocha","Mocha / Slim Petite","2026-08-10","57","3"
"Amelia Labor & Postpartum Gown in Charcoal Grey","Charcoal Grey / Curve","2026-08-10","128","0"
"Amelia Labor & Postpartum Gown in Midnight Blue","Midnight Blue / Standard","2026-08-10","26","7"
"Finley Romper in Midnight Blue","Midnight Blue / 6-9 Months","2026-08-10","20","1"
"Lila Labor & Postpartum Gown in Vintage Floral","Vintage Floral / Curve","2026-08-10","18","11"
"TENS Unit for Labor Replacement Pads","Small","2026-08-10","198","2"
"Robes in Black","Laura Robe / Long","2026-08-10","65","9"
"Finley Romper in Black","Black / 12-18 Months","2026-08-10","40","0"
"Lila Labor & Postpartum Gown in Lilac","Lilac / Curve","2026-08-10","35","1"
"Finley Romper in Periwinkle","Periwinkle / 6-9 Months","2026-08-10","44","0"
"The Cameron Unisex Nursing and Skin to Skin Shirt in Deep Teal","Small","2026-08-10","69","0"
"The Cameron Unisex Nursing and Skin to Skin Shirt in Emerald","Large","2026-08-10","17","0"
"Baby Swaddle Set: Vintage Floral","Hat & Bow","2026-08-10","241","35"
"Robes in Dusty Rose","Mia Robe / Short","2026-08-10","35","1"
"Amelia Labor & Postpartum Gown in Vintage Floral","Vintage Floral / Full Figure","2026-08-10","9","4"
"Lila Labor & Postpartum Gown in Periwinkle Blue","Periwinkle / Slim Petite","2026-08-10","-1","19"
"Lila Labor & Postpartum Gown in Charcoal Grey","Charcoal Grey / Standard","2026-08-10","4","0"
"Finley Romper in Vintage Floral","Vintage Floral / 9-12 Months","2026-08-10","21","0"
"The Cameron Unisex Nursing and Skin to Skin Shirt in Midnight Blue","Extra Large","2026-08-10","128","2"
"Robes in Periwinkle","Laura Robe / Long","2026-08-10","112","2"
"Robes in Vintage Floral","Mia Robe / Short","2026-08-10","90","7"
"Finley Romper in Periwinkle","Periwinkle / 3-6 Months","2026-08-10","29","0"
"Finley Romper in Periwinkle","Periwinkle / 18-24 Months","2026-08-10","19","0"
"The Cameron Unisex Nursing and Skin to Skin Shirt in Deep Teal","Extra Large","2026-08-10","50","0"
"The Cameron Unisex Nursing and Skin to Skin Shirt in Black","2XL","2026-08-10","74","8"
"Amelia Labor & Postpartum Gown in Charcoal Grey","Charcoal Grey / Petite","2026-08-10","119","0"
"The Cameron Unisex Nursing and Skin to Skin Shirt in Midnight Blue","2XL","2026-08-10","47","3"
"Amelia Labor & Postpartum Gown Lilac","Standard","2026-08-10","15","5"
"Lila Labor & Postpartum Gown in Sage","Sage / Slim Petite","2026-08-10","156","12"
"Amelia Labor & Postpartum Gown in Dusty Rose","Dusty Rose / Curve","2026-08-10","51","6"
"The Cameron Unisex Nursing and Skin to Skin Shirt in Deep Teal","Medium","2026-08-10","14","2"
"Amelia Labor & Postpartum Gown in Plum","Plum / Standard","2026-08-10","61","12"
"Amelia Labor & Postpartum Gown Lilac","Curve","2026-08-10","51","2"
"Finley Romper in Lilac","Lilac / 3-6 Months","2026-08-10","31","0"
"Amelia Labor & Postpartum Gown in Vintage Floral","Vintage Floral / Standard","2026-08-10","52","6"
"Amelia Labor & Postpartum Gown in Midnight Blue","Midnight Blue / Curve","2026-08-10","58","1"
"Amelia Labor & Postpartum Gown in Mocha","Mocha / Curve","2026-08-10","59","0"
"Lila Labor & Postpartum Gown in Sage","Sage / Full Figure","2026-08-10","66","13"
"Robes in Lilac","Laura Robe / Long","2026-08-10","67","2"
"The Cameron Unisex Nursing and Skin to Skin Shirt in Midnight Blue","Medium","2026-08-10","121","3"
"Lila Labor & Postpartum Gown in Dusty Rose","Dusty Rose / Slim Petite","2026-08-10","79","23"
"The Cameron Unisex Nursing and Skin to Skin Shirt in Deep Teal","2XL","2026-08-10","25","0"
"Amelia Labor & Postpartum Gown in Dusty Rose","Dusty Rose / Standard","2026-08-10","111","21"
"Finley Romper in Plum","Plum / 3-6 Months","2026-08-10","-1","0"
"Lila Labor & Postpartum Gown in Emerald","Emerald / Standard","2026-08-17","80","30"
"The Cameron Unisex Nursing and Skin to Skin Shirt in Sage","Extra Large","2026-08-17","91","2"
"Lila Labor & Postpartum Gown in Deep Teal","Deep Teal / Full Figure","2026-08-17","447","19"
"Amelia Labor & Postpartum Gown Lilac","Full Figure","2026-08-17","32","1"
"The Cameron Unisex Nursing and Skin to Skin Shirt in Sage","Large","2026-08-17","81","7"
"Amelia Labor & Postpartum Gown in Black","Black / Full Figure","2026-08-17","115","4"
"Finley Romper in Periwinkle","Periwinkle / 18-24 Months","2026-08-17","19","0"
"Finley Romper in Periwinkle","Periwinkle / 3-6 Months","2026-08-17","29","0"
"Robes in Vintage Floral","Mia Robe / Short","2026-08-17","249","6"
"Robes in Sage","Mia Robe / Short","2026-08-17","104","1"
"Lila Labor & Postpartum Gown in Deep Teal","Deep Teal / Standard","2026-08-17","237","41"
"Lila Labor & Postpartum Gown in Periwinkle Blue","Periwinkle / Curve","2026-08-17","158","9"
"Finley Romper in Plum","Plum / Newborn","2026-08-17","72","4"
"Lila Labor & Postpartum Gown in Black","Black / Curve","2026-08-17","399","20"
"The Cameron Unisex Nursing and Skin to Skin Shirt in Black","Small","2026-08-17","11","1"
"Finley Romper in Emerald","Emerald / 18-24 Months","2026-08-17","-1","0"
"The Cameron Unisex Nursing and Skin to Skin Shirt in Plum","2XL","2026-08-17","134","0"
"Amelia Labor & Postpartum Gown in Black","Black / Curve","2026-08-17","99","4"
"Lila Labor & Postpartum Gown in Lilac","Lilac / Full Figure","2026-08-17","15","14"
"Lila Labor & Postpartum Gown in Mocha","Mocha / Slim Petite","2026-08-17","95","3"
"Lila Labor & Postpartum Gown in Periwinkle Blue","Periwinkle / Full Figure","2026-08-17","167","20"
"The Cameron Unisex Nursing and Skin to Skin Shirt in Midnight Blue","Medium","2026-08-17","117","4"
"Robes in Deep Teal","Laura Robe / Long","2026-08-17","77","5"
"Finley Romper in Vintage Floral","Vintage Floral / 6-9 Months","2026-08-17","8","0"
"Lila Labor & Postpartum Gown in Deep Teal","Deep Teal / Curve","2026-08-17","160","5"
"Baby Swaddle Set: Deep Teal","Hat & Bow","2026-08-17","206","30"
"Robes in Emerald","Laura Robe / Long","2026-08-17","56","3"
"Finley Romper in Sage","Sage / 6-9 Months","2026-08-17","12","0"
"Amelia Labor & Postpartum Gown in Plum","Plum / Full Figure","2026-08-17","62","7"
"Finley Romper in Vintage Floral","Vintage Floral / Newborn","2026-08-17","0","3"
"Finley Romper in Sage","Sage / Newborn","2026-08-17","0","0"
"Lila Labor & Postpartum Gown in Lilac","Lilac / Standard","2026-08-17","20","43"
"Lila Labor & Postpartum Gown in Midnight Blue","Midnight Blue / Full Figure","2026-08-17","95","22"
"Amelia Labor & Postpartum Gown in Deep Teal","Deep Teal / Slim Petite","2026-08-17","52","5"
"Lila Labor & Postpartum Gown in Dusty Rose","Dusty Rose / Curve","2026-08-17","46","5"
"Robes in Vintage Floral","Laura Robe / Long","2026-08-17","265","16"
"Lila Labor & Postpartum Gown in Vintage Floral","Vintage Floral / Full Figure","2026-08-17","131","26"
"Lila Labor & Postpartum Gown in Plum","Plum / Slim Petite","2026-08-17","50","22"
"Robes in Lilac","Laura Robe / Long","2026-08-17","93","4"
"Lila Labor & Postpartum Gown in Sage","Sage / Full Figure","2026-08-17","61","12"
"Finley Romper in Periwinkle","Periwinkle / 12-18 Months","2026-08-17","19","0"
"Amelia Labor & Postpartum Gown in Sage","Sage / Standard","2026-08-17","142","2"
"Amelia Labor & Postpartum Gown in Sage","Sage / Full Figure","2026-08-17","36","0"
"The Cameron Unisex Nursing and Skin to Skin Shirt in Black","Large","2026-08-17","70","7"
"Finley Romper in Emerald","Emerald / 9-12 Months","2026-08-17","82","0"
"Amelia Labor & Postpartum Gown in Sage","Sage / Petite","2026-08-17","69","0"
"Baby Swaddle Set: Periwinkle","Hat & Bow","2026-08-17","0","3"
"The Cameron Unisex Nursing and Skin to Skin Shirt in Black","2XL","2026-08-17","71","3"
"Lila Labor & Postpartum Gown in Vintage Floral","Vintage Floral / Standard","2026-08-17","5","13"
"Finley Romper in Midnight Blue","Midnight Blue / 3-6 Months","2026-08-17","37","1"
"The Cameron Unisex Nursing and Skin to Skin Shirt in Midnight Blue","2XL","2026-08-17","46","1"
"Amelia Labor & Postpartum Gown Lilac","Standard","2026-08-17","102","3"
"Finley Romper in Sage","Sage / 3-6 Months","2026-08-17","0","0"
"Lila Labor & Postpartum Gown in Sage","Sage / Standard","2026-08-17","9","14"
"Amelia Labor & Postpartum Gown in Emerald","Emerald / Full Figure","2026-08-17","76","1"
"TENS Unit for Labor","Default Title","2026-08-17","2653","186"
"Lila Labor & Postpartum Gown in Deep Teal","Deep Teal / Slim Petite","2026-08-17","357","14"
"Lila Labor & Postpartum Gown in Emerald","Emerald / Full Figure","2026-08-17","20","15"
"Finley Romper in Midnight Blue","Midnight Blue / 16-24 Months","2026-08-17","24","0"
"Robes in Sage","Laura Robe / Long","2026-08-17","128","7"
"Finley Romper in Periwinkle","Periwinkle / 9-12 Months","2026-08-17","20","0"
"Finley Romper in Vintage Floral","Vintage Floral / 12-18 Months","2026-08-17","9","0"
"TENS Unit for Labor Replacement Pads","Large","2026-08-17","179","10"
"Amelia Labor & Postpartum Gown in Sage","Sage / Curve","2026-08-17","19","2"
"Amelia Labor & Postpartum Gown in Periwinkle","Periwinkle / Full Figure","2026-08-17","80","1"
"Finley Romper in Midnight Blue","Midnight Blue / 9-12 Months","2026-08-17","31","0"
"The Cameron Unisex Nursing and Skin to Skin Shirt in Deep Teal","Large","2026-08-17","84","4"
"The Cameron Unisex Nursing and Skin to Skin Shirt in Sage","Medium","2026-08-17","149","1"
"The Cameron Unisex Nursing and Skin to Skin Shirt in Black","Extra Large","2026-08-17","112","5"
"TENS Unit for Labor Replacement Pads","Both Sizes","2026-08-17","126","37"
"Robes in Midnight Blue","Laura Robe / Long","2026-08-17","59","3"
"Finley Romper in Dusty Rose","Dusty Rose / 9-12 Months","2026-08-17","19","0"
"Robes in Periwinkle","Laura Robe / Long","2026-08-17","128","9"
"The Cameron Unisex Nursing and Skin to Skin Shirt in Midnight Blue","Extra Large","2026-08-17","124","4"
"Finley Romper in Plum","Plum / 3-6 Months","2026-08-17","-1","0"
"Amelia Labor & Postpartum Gown in Dusty Rose","Dusty Rose / Standard","2026-08-17","85","27"
"Robes in Plum","Mia Robe / Short","2026-08-17","78","0"
"Finley Romper in Vintage Floral","Vintage Floral / 9-12 Months","2026-08-17","21","0"
"Lila Labor & Postpartum Gown in Plum","Plum / Full Figure","2026-08-17","140","25"
"Lila Labor & Postpartum Gown in Black","Black / Slim Petite","2026-08-17","632","24"
"Robes in Dusty Rose","Mia Robe / Short","2026-08-17","36","1"
"Finley Romper in Periwinkle","Periwinkle / Newborn","2026-08-17","-2","0"
"Finley Romper in Black","Black / 3-6 Months","2026-08-17","111","1"
"Finley Romper in Midnight Blue","Midnight Blue / 12-16 Months","2026-08-17","20","0"
"Lila Labor & Postpartum Gown in Mocha","Mocha / Curve","2026-08-17","40","2"
"The Cameron Unisex Nursing and Skin to Skin Shirt in Sage","Small","2026-08-17","37","2"
"Amelia Labor & Postpartum Gown in Emerald","Emerald / Curve","2026-08-17","80","0"
"Robes in Dusty Rose","Laura Robe / Long","2026-08-17","40","4"
"Amelia Labor & Postpartum Gown in Midnight Blue","Midnight Blue / Full Figure","2026-08-17","51","7"
"Robes in Deep Teal","Mia Robe / Short","2026-08-17","68","5"
"Lila Labor & Postpartum Gown in Charcoal Grey","Charcoal Grey / Standard","2026-08-17","37","2"
"Lila Labor & Postpartum Gown in Sage","Sage / Curve","2026-08-17","92","4"
"Lila Labor & Postpartum Gown in Emerald","Emerald / Slim Petite","2026-08-17","91","10"
"Finley Romper in Deep Teal","Deep Teal / 16-24 Months","2026-08-17","63","0"
"Lila Labor & Postpartum Gown in Sage","Sage / Petite","2026-08-17","0","0"
"Lila Labor & Postpartum Gown in Midnight Blue","Midnight Blue / Slim Petite","2026-08-17","4","0"
"The Cameron Unisex Nursing and Skin to Skin Shirt in Emerald","Small","2026-08-17","36","0"
"Finley Romper in Lilac","Lilac / 3-6 Months","2026-08-17","31","0"
"Baby Swaddle Set: Vintage Floral","Hat & Bow","2026-08-17","222","19"
"Baby Swaddle Set: Midnight Blue","Hat & Bow","2026-08-17","147","28"
"Finley Romper in Deep Teal","Deep Teal / Newborn","2026-08-17","61","11"
"Finley Romper in Dusty Rose","Dusty Rose / Newborn","2026-08-17","19","2"
"Finley Romper in Deep Teal","Deep Teal / 12-16 Months","2026-08-17","64","0"
"Amelia Labor & Postpartum Gown in Mocha","Mocha / Slim Petite","2026-08-17","56","1"
"Lila Labor & Postpartum Gown in Mocha","Mocha / Standard","2026-08-17","74","1"
"Lila Labor & Postpartum Gown in Charcoal Grey","Charcoal Grey / Petite","2026-08-17","4","0"
"Lila Labor & Postpartum Gown in Charcoal Grey","Charcoal Grey / Full Figure","2026-08-17","42","1"
"The Cameron Unisex Nursing and Skin to Skin Shirt in Emerald","Medium","2026-08-17","35","1"
"Finley Romper in Black","Black / 12-18 Months","2026-08-17","40","0"
"Lila Labor & Postpartum Gown in Dusty Rose","Dusty Rose / Standard","2026-08-17","408","74"
"Finley Romper in Deep Teal","Deep Teal / 6-9 Months","2026-08-17","16","0"
"The Cameron Unisex Nursing and Skin to Skin Shirt in Plum","Large","2026-08-17","45","0"
"Lila Labor & Postpartum Gown in Plum","Plum / Curve","2026-08-17","29","8"
"Robes in Plum","Laura Robe / Long","2026-08-17","120","6"
"Baby Swaddle Set: Black","Hat & Bow","2026-08-17","129","6"
"Amelia Labor & Postpartum Gown in Charcoal Grey","Charcoal Grey / Standard","2026-08-17","108","3"
"Amelia Labor & Postpartum Gown in Plum","Plum / Curve","2026-08-17","104","5"
"Amelia Labor & Postpartum Gown in Deep Teal","Deep Teal / Full Figure","2026-08-17","81","9"
"Lila Labor & Postpartum Gown in Midnight Blue","Midnight Blue / Curve","2026-08-17","43","7"
"Lila Labor & Postpartum Gown in Charcoal Grey","Charcoal Grey / Curve","2026-08-17","44","0"
"Amelia Labor & Postpartum Gown in Mocha","Mocha / Standard","2026-08-17","29","9"
"Lila Labor & Postpartum Gown in Dusty Rose","Dusty Rose / Full Figure","2026-08-17","128","30"
"Amelia Labor & Postpartum Gown in Plum","Plum / Slim Petite","2026-08-17","28","5"
"Finley Romper in Dusty Rose","Dusty Rose / 6-9 Months","2026-08-17","31","0"
"Lila Labor & Postpartum Gown in Black","Black / Full Figure","2026-08-17","549","40"
"Finley Romper in Periwinkle","Periwinkle / 6-9 Months","2026-08-17","44","0"
"Amelia Labor & Postpartum Gown in Midnight Blue","Midnight Blue / Slim Petite","2026-08-17","66","2"
"Baby Swaddle Set: Dusty Rose","Hat & Bow","2026-08-17","223","31"
"The Cameron Unisex Nursing and Skin to Skin Shirt in Midnight Blue","Small","2026-08-17","55","1"
"Robes in Black","Mia Robe / Short","2026-08-17","40","5"
"Lila Labor & Postpartum Gown in Periwinkle Blue","Periwinkle / Standard","2026-08-17","64","50"
"Amelia Labor & Postpartum Gown in Dusty Rose","Dusty Rose / Full Figure","2026-08-17","144","14"
"Amelia Labor & Postpartum Gown in Vintage Floral","Vintage Floral / Curve","2026-08-17","25","1"
"Finley Romper in Emerald","Emerald / 3-6 Months","2026-08-17","62","1"
"The Cameron Unisex Nursing and Skin to Skin Shirt in Plum","Medium","2026-08-17","26","2"
"The Cameron Unisex Nursing and Skin to Skin Shirt in Emerald","2XL","2026-08-17","111","0"
"Robes in Emerald","Mia Robe / Short","2026-08-17","172","1"
"Finley Romper in Lilac","Lilac / 6-9 Months","2026-08-17","18","0"
"The Cameron Unisex Nursing and Skin to Skin Shirt in Deep Teal","2XL","2026-08-17","95","1"
"Lila Labor & Postpartum Gown in Plum","Plum / Standard","2026-08-17","46","63"
"Amelia Labor & Postpartum Gown in Periwinkle","Periwinkle / Curve","2026-08-17","68","1"
"Finley Romper in Midnight Blue","Midnight Blue / Newborn","2026-08-17","24","1"
"Finley Romper in Vintage Floral","Vintage Floral / 3-6 Months","2026-08-17","3","2"
"Finley Romper in Deep Teal","Deep Teal / 3-6 Months","2026-08-17","5","2"
"Amelia Labor & Postpartum Gown in Charcoal Grey","Charcoal Grey / Petite","2026-08-17","119","0"
"The Cameron Unisex Nursing and Skin to Skin Shirt in Emerald","Large","2026-08-17","86","1"
"Lila Labor & Postpartum Gown in Emerald","Emerald / Curve","2026-08-17","-1","1"
"Robes in Periwinkle","Mia Robe / Short","2026-08-17","187","2"
"Amelia Labor & Postpartum Gown in Plum","Plum / Standard","2026-08-17","45","16"
"The Cameron Unisex Nursing and Skin to Skin Shirt in Midnight Blue","Large","2026-08-17","173","5"
"Finley Romper in Lilac","Lilac / Newborn","2026-08-17","17","0"
"TENS Unit for Labor Replacement Pads","Small","2026-08-17","194","4"
"Lila Labor & Postpartum Gown in Vintage Floral","Vintage Floral / Curve","2026-08-17","180","13"
"The Cameron Unisex Nursing and Skin to Skin Shirt in Sage","2XL","2026-08-17","105","3"
"Baby Swaddle Set: Plum","Hat & Bow","2026-08-17","340","38"
"Amelia Labor & Postpartum Gown in Black","Black / Slim Petite","2026-08-17","143","2"
"Robes in Lilac","Mia Robe / Short","2026-08-17","128","2"
"Finley Romper in Emerald","Emerald / 6-9 Months","2026-08-17","17","0"
"Amelia Labor & Postpartum Gown in Periwinkle","Periwinkle / Standard","2026-08-17","23","4"
"The Cameron Unisex Nursing and Skin to Skin Shirt in Deep Teal","Small","2026-08-17","69","0"
"Amelia Labor & Postpartum Gown in Vintage Floral","Vintage Floral / Petite","2026-08-17","57","2"
"Robes in Midnight Blue","Mia Robe / Short","2026-08-17","104","1"
"Lila Labor & Postpartum Gown in Midnight Blue","Midnight Blue / Standard","2026-08-17","157","98"
"Finley Romper in Deep Teal","Deep Teal / 9-12 Months","2026-08-17","64","0"
"Lila Labor & Postpartum Gown in Periwinkle Blue","Periwinkle / Slim Petite","2026-08-17","2","17"
"Amelia Labor & Postpartum Gown in Midnight Blue","Midnight Blue / Standard","2026-08-17","21","6"
"Finley Romper in Midnight Blue","Midnight Blue / 6-9 Months","2026-08-17","20","0"
"Amelia Labor & Postpartum Gown in Charcoal Grey","Charcoal Grey / Curve","2026-08-17","128","0"
"Finley Romper in Black","Black / 9-12 Months","2026-08-17","60","0"
"The Cameron Unisex Nursing and Skin to Skin Shirt in Plum","Extra Large","2026-08-17","40","1"
"Baby Swaddle Set: Emerald","Hat & Bow","2026-08-17","35","17"
"The Cameron Unisex Nursing and Skin to Skin Shirt in Plum","Small","2026-08-17","34","0"
"Amelia Labor & Postpartum Gown in Deep Teal","Deep Teal / Standard","2026-08-17","3","0"
"Finley Romper in Black","Black / Newborn","2026-08-17","56","2"
"Finley Romper in Dusty Rose","Dusty Rose / 3-6 Months","2026-08-17","99","0"
"Finley Romper in Black","Black / 6-9 Months","2026-08-17","3","0"
"Finley Romper in Emerald","Emerald / Newborn","2026-08-17","-6","0"
"Lila Labor & Postpartum Gown in Mocha","Mocha / Full Figure","2026-08-17","38","2"
"Amelia Labor & Postpartum Gown in Black","Black / Standard","2026-08-17","269","10"
"Amelia Labor & Postpartum Gown in Dusty Rose","Dusty Rose / Slim Petite","2026-08-17","79","11"
"Finley Romper in Black","Black / 18-24 Months","2026-08-17","83","0"
"Amelia Labor & Postpartum Gown Lilac","Curve","2026-08-17","50","1"
"Amelia Labor & Postpartum Gown in Vintage Floral","Vintage Floral / Full Figure","2026-08-17","5","4"
"Amelia Labor & Postpartum Gown in Emerald","Emerald / Petite","2026-08-17","62","1"
"Lila Labor & Postpartum Gown in Black","Black / Standard","2026-08-17","230","116"
"Lila Labor & Postpartum Gown in Vintage Floral","Vintage Floral / Slim Petite","2026-08-17","369","13"
"Amelia Labor & Postpartum Gown Lilac","Slim Petite","2026-08-17","40","0"
"Amelia Labor & Postpartum Gown in Periwinkle","Periwinkle / Slim Petite","2026-08-17","25","2"
"Robes in Black","Laura Robe / Long","2026-08-17","190","5"
"Lila Labor & Postpartum Gown in Lilac","Lilac / Curve","2026-08-17","28","7"
"Amelia Labor & Postpartum Gown in Emerald","Emerald / Standard","2026-08-17","72","3"
"Amelia Labor & Postpartum Gown in Mocha","Mocha / Full Figure","2026-08-17","36","2"
"Lila Labor & Postpartum Gown in Sage","Sage / Slim Petite","2026-08-17","31","10"
"Finley Romper in Plum","Plum / 6-9 Months","2026-08-17","111","1"
"Amelia Labor & Postpartum Gown in Vintage Floral","Vintage Floral / Standard","2026-08-17","47","5"
"Baby Swaddle Set: Sage","Hat & Bow","2026-08-17","210","24"
"The Cameron Unisex Nursing and Skin to Skin Shirt in Black","Medium","2026-08-17","131","2"
"Lila Labor & Postpartum Gown in Dusty Rose","Dusty Rose / Slim Petite","2026-08-17","52","27"
"The Cameron Unisex Nursing and Skin to Skin Shirt in Emerald","Extra Large","2026-08-17","37","2"
"The Cameron Unisex Nursing and Skin to Skin Shirt in Deep Teal","Extra Large","2026-08-17","114","6"
"Finley Romper in Vintage Floral","Vintage Floral / 18-24 Months","2026-08-17","14","0"
"The Cameron Unisex Nursing and Skin to Skin Shirt in Deep Teal","Medium","2026-08-17","10","4"
"Amelia Labor & Postpartum Gown in Dusty Rose","Dusty Rose / Curve","2026-08-17","136","5"
"Baby Swaddle Set: Lilac","Hat & Bow","2026-08-17","63","13"
"Amelia Labor & Postpartum Gown in Charcoal Grey","Charcoal Grey / Full Figure","2026-08-17","113","0"
"Amelia Labor & Postpartum Gown in Deep Teal","Deep Teal / Curve","2026-08-17","32","4"
"Lila Labor & Postpartum Gown in Lilac","Lilac / Slim Petite","2026-08-17","-2","0"
"Amelia Labor & Postpartum Gown in Midnight Blue","Midnight Blue / Curve","2026-08-17","56","2"
"Amelia Labor & Postpartum Gown in Mocha","Mocha / Curve","2026-08-17","58","1"